Avg. Area Income,Avg. Area House Age,Avg. Area Number of Rooms,Avg. Area Number of Bedrooms,Area Population,Price
71830.67,5.72,7.17,5.12,19705.36,1077808.99
57498.85,5.68,7.9,5.16,45008.23,1152524.59
76581.31,5.29,5.5,4.9,35587.03,1139366.65
78607.54,6.4,6.7,4.52,30208.9,1404351.59
47788.87,6.21,7.83,4.49,33673.64,1063542.99
54704.37,4.41,7.06,4.32,46452.95,871888.93
69945.52,4.34,8.47,4.48,43420.56,1182912.87
65212.49,6.4,5.4,4.56,34893.36,1101989.08
68403.93,5.17,5.28,2.25,24857.36,925644.64
59491.26,6.28,7.77,3.01,25557.69,1172132.26
77955.62,6.75,7.86,2.71,43636.82,1702795.15
76872.71,4.72,6.79,5.34,23481.41,999498.05
69286.76,4.58,7.39,6.01,34990.32,1087145.5
80597.14,7.64,7.74,1.31,62772.64,2285593.01
73565.71,6.33,6.17,5.9,40724.14,1443824.61
59424.66,5.56,6.28,4.09,43529.82,993424.32
72513.15,5.06,7.18,5.23,25632.22,975387.67
58363.23,5.47,7.9,4.6,23982.03,988050.39
77945.52,4.8,5.81,5.75,44061.53,1144116.13
68050.89,6.85,6.79,4.24,33360.66,1253099.1
66612.74,5.21,6.74,2.3,47811.19,1128975.1
61325.65,7.06,7.41,3.85,37583.6,1423165.71
81612.85,5.58,6.98,4.61,71459.9,2030431.52
66936.02,4.95,6.44,3.71,31475.23,1012022.14
64017.88,5.56,8.25,4.79,40025.13,1236353.58
64829.96,3.38,6.45,3.9,28281.1,449156.58
74256.35,5.86,6.69,3.25,47398.89,1458603.36
72477.9,5.81,5.38,2.64,41527.59,1187630.21
72981.9,6.8,6.27,3.5,27615.69,1297996.49
73174.69,4.11,7.51,4.23,34006.45,923324.16
91408.68,7.13,7.31,1.57,50770.96,2250448.37
64251.43,6.79,7.6,3.02,49578.71,1493734.53
63123.52,7.22,7.55,1.52,23117.62,1152285.93
59909.81,5.93,9.1,3.22,32530.75,1390140.07
75148.11,6.98,6.23,5.45,55232.86,1556501.03
80615.59,4.52,5.35,2.52,35496.26,1106414.59
67368.55,6.69,5.93,4.84,38975.97,1304664.84
59628.61,5.22,6.28,7.48,47347.8,960123.39
59795.68,4.35,6.01,5.77,23933.8,464441.82
75517.02,4.87,7.08,4.14,27829.0,1241607.39
76504.6,5.99,8.26,5.04,33942.79,1758411.53
74371.94,5.16,8.55,2.3,49111.39,1747084.17
61490.0,6.35,7.5,2.04,47276.67,1591039.46
71057.38,4.19,9.15,4.02,44299.18,1345748.29
69826.64,3.87,6.63,4.47,35774.34,742442.11
70913.78,7.34,5.34,5.33,48366.48,1523031.8
77870.69,6.87,8.05,3.28,35640.5,1814655.84
70966.08,4.94,5.13,4.22,42891.83,839380.85
75818.86,5.98,6.23,4.18,46207.49,1390234.39
69303.26,6.99,7.52,3.82,53996.44,1701887.77
71664.43,6.4,6.89,3.89,36596.48,1431381.28
75311.27,6.13,6.8,2.93,33556.59,1393372.57
53052.63,7.06,5.8,4.32,50009.12,1099876.58
65175.94,5.26,6.98,4.22,50771.14,1315065.43
63569.77,6.01,8.0,3.44,31762.51,1105890.01
61773.84,5.96,7.01,4.8,26188.04,928613.09
65650.53,5.71,6.15,5.24,49254.42,1133699.2
84516.08,5.59,5.73,4.81,20861.36,1147687.06
59354.97,6.05,6.17,2.7,20354.45,657787.68
78902.91,6.01,7.39,4.1,34492.67,1587424.86
50646.97,4.94,7.34,2.86,37179.71,764186.2
65013.8,6.77,6.18,4.1,25642.97,1040183.55
70317.62,5.01,4.76,2.86,38365.0,1081513.01
74830.96,5.76,7.41,5.55,38807.72,1500770.55
76163.25,5.69,6.08,4.94,31395.15,1165202.31
77038.49,6.33,7.69,5.4,56345.13,1844443.53
64866.29,3.88,6.23,5.27,40428.38,700477.81
63655.25,6.86,5.99,3.65,47363.25,1347457.97
77727.31,5.31,7.14,3.46,21710.09,1182990.7
66544.08,7.19,9.37,6.12,21624.45,1305346.39
54986.74,5.51,7.75,3.78,40729.12,922501.97
56504.42,5.93,7.13,2.31,54572.46,1240875.65
58783.48,7.87,7.35,5.22,26139.39,1152833.33
73881.74,5.71,5.22,4.16,37586.01,1147181.52
70100.97,7.21,5.86,5.83,23904.67,1199662.78
75942.19,6.02,4.45,4.28,29030.67,1002932.44
64029.34,6.39,8.74,3.96,38079.63,1534449.6
70272.72,6.05,8.53,5.86,31273.83,1375440.24
75250.54,6.82,7.39,2.09,23205.68,1390801.94
65285.98,5.3,7.13,3.26,22983.42,799661.23
73451.31,5.01,5.42,2.89,17444.37,762583.88
61528.19,5.35,6.77,1.28,40893.09,1058020.76
64713.57,6.08,8.8,5.05,42093.99,1394499.5
64514.44,5.76,7.12,3.29,42044.09,1232701.56
55837.74,6.68,6.42,5.09,27139.43,901227.08
73773.15,7.27,5.21,4.46,46147.07,1555512.6
63580.11,5.01,8.38,4.73,43177.78,1312047.56
68716.16,5.25,6.92,3.42,36235.4,1070306.92
73706.8,4.56,5.22,3.04,34606.47,978526.4
73342.13,7.99,6.06,4.09,29720.53,1540402.74
75674.67,6.28,5.7,5.11,38070.21,1271539.02
67533.34,6.46,6.86,3.92,52214.18,1436315.09
64071.49,4.65,7.2,3.12,47456.23,1083300.07
67733.36,5.98,6.48,2.51,33620.11,997694.87
50599.39,6.48,7.77,4.23,41508.82,1162128.55
53159.68,5.73,7.07,3.3,25231.31,855223.39
54485.67,7.04,8.06,3.89,43408.92,1522191.09
57954.34,8.27,6.63,3.69,27916.74,1135469.93
72843.79,5.04,10.07,3.43,43013.79,1762194.82
58932.4,4.97,6.42,4.34,65631.04,1281939.67
64552.54,5.11,6.08,4.66,30505.63,603305.48
82430.18,7.57,5.95,6.4,65171.82,2113435.73
64785.94,7.01,6.78,4.91,41032.56,1361249.69
76443.44,5.85,5.25,5.94,28722.97,1215669.89
58632.5,6.02,7.29,2.97,28268.1,886343.11
66393.45,5.17,5.07,2.01,59635.18,1261401.88
58457.66,6.86,7.15,3.96,41055.91,1278012.36
64969.59,5.6,5.63,5.04,30543.93,734439.3
77539.0,5.72,6.6,4.84,34143.65,1287250.66
50173.22,6.58,7.6,5.47,40438.45,1267061.36
73213.09,5.79,9.32,1.0,36076.45,1594486.98
71116.79,5.75,5.9,5.52,39596.05,1297780.15
62250.55,5.99,6.84,4.39,53766.09,1468413.21
53170.92,6.77,6.26,2.08,24967.89,756514.76
69351.76,7.61,6.11,4.87,42560.96,1415461.09
62939.67,6.56,6.27,4.19,35439.49,1027632.96
71062.86,6.78,7.82,4.45,31209.97,1623999.73
68815.9,5.78,6.5,5.21,46804.33,1360077.1
85654.76,5.28,9.26,4.51,21658.35,1404417.49
66031.95,6.63,7.41,2.17,12676.15,1092119.62
57674.56,6.15,5.97,3.8,38391.49,791227.98
70493.72,4.57,6.62,1.99,34791.57,924146.7
70927.72,5.66,6.18,4.78,22735.99,972039.48
83069.22,5.9,7.8,5.7,19185.77,1662527.87
77483.62,5.47,5.33,2.45,55324.54,1543254.96
72386.53,7.45,5.64,3.15,40758.42,1444327.29
84178.88,6.46,6.39,2.89,36357.98,1611071.82
55913.16,7.34,7.68,3.42,57950.81,1724111.81
61764.53,6.24,8.24,4.49,46306.97,1613415.25
58707.55,6.06,8.38,3.44,53723.07,1479451.25
64428.41,5.05,7.53,4.78,24451.96,893691.46
53910.28,5.99,6.91,5.29,24080.38,680537.18
75352.44,5.99,7.79,5.34,42287.47,1676234.01
66214.55,4.63,5.83,2.6,40276.9,1015440.6
52907.15,5.45,5.13,5.68,48565.9,614652.16
57758.96,5.66,7.43,5.78,19977.42,755066.28
71924.43,6.39,5.97,5.89,43146.2,1272290.3
77515.75,6.44,6.92,3.79,45981.49,1690420.48
89864.16,5.4,7.11,3.06,45454.51,1660688.95
99638.95,6.44,7.24,2.77,32126.56,1845669.34
72999.78,5.8,7.94,2.62,41310.26,1635817.36
58036.5,3.14,7.83,3.99,28464.6,543990.11
45859.65,5.5,7.19,5.02,33255.51,676864.46
71436.27,7.05,6.54,5.59,25811.86,1339575.65
59918.67,4.32,7.1,3.38,28633.24,802736.04
64156.12,6.09,6.39,3.93,33771.45,1038985.9
62059.27,7.55,6.79,3.85,31290.45,1246566.44
67082.45,5.23,9.63,3.2,28631.99,1278887.08
79944.22,5.98,7.17,4.88,23264.5,1449082.72
70256.82,4.69,7.44,4.43,55626.88,1437561.58
66892.27,7.59,6.28,4.15,31194.91,1304390.68
57545.0,5.9,8.02,4.42,39437.91,1232478.75
50734.23,6.03,7.76,4.74,18705.2,904824.05
63399.93,7.32,7.77,4.72,49637.67,1684768.49
68009.79,6.63,7.21,2.95,37822.07,1384909.3
87425.6,5.11,8.03,5.08,31757.55,1788136.91
69971.47,5.34,8.27,4.29,31844.22,1417239.16
79057.04,6.47,7.28,3.45,44791.89,1856399.63
63261.51,5.36,6.87,4.27,6853.53,542942.79
55953.87,3.88,7.89,4.4,27982.88,579347.89
58296.79,5.93,6.08,5.31,34981.09,728404.04
60853.54,4.51,6.26,2.69,34866.69,846255.1
91268.23,7.58,6.94,5.61,61028.22,2400971.8
59828.66,6.16,5.23,4.01,32812.38,662630.13
77519.62,5.08,7.83,3.36,45991.0,1682825.44
58959.6,5.29,6.02,3.32,54143.7,1066599.81
78511.71,4.11,6.51,2.75,42818.84,1192951.14
72685.81,4.89,6.77,1.84,29475.38,892781.38
66913.55,6.99,7.03,4.81,23414.46,1259145.2
68148.55,8.19,6.64,6.42,43561.3,1747051.66
61604.27,6.7,6.92,1.99,52489.88,1465651.32
73337.24,5.89,6.93,2.81,41581.68,1385204.5
63733.79,5.55,6.54,4.9,48404.97,1489223.79
55520.49,5.03,6.21,3.92,61888.07,1006792.56
54962.74,8.02,8.08,5.01,44473.94,1499257.77
70422.44,5.79,4.86,3.85,25239.22,921731.4
85412.95,8.07,6.78,3.27,36669.78,1852125.17
70288.19,7.36,6.52,3.7,49762.39,1569993.24
67318.55,4.26,7.41,1.05,33693.86,1077740.28
71629.33,5.32,5.52,2.57,51107.13,1329990.02
82502.37,5.32,6.49,5.15,35498.65,1437950.42
70921.18,5.9,6.89,5.45,39481.4,1364643.55
64203.34,5.92,8.07,5.71,32681.9,1177757.03
80373.83,8.95,7.33,4.52,37746.4,2048722.27
73152.69,4.91,5.79,1.21,38271.54,1062387.14
84951.09,6.21,6.5,3.2,20198.22,1436689.01
70535.91,6.59,7.88,5.61,31780.19,1498965.45
55532.61,5.98,5.78,5.98,23923.41,565028.76
54001.16,6.09,6.91,5.66,32122.45,984078.86
86178.59,4.95,6.98,3.69,28271.0,1186672.8
86953.83,6.09,6.6,2.37,46205.33,1748971.28
66669.68,6.49,9.71,3.93,46320.24,1681787.42
64498.99,6.3,6.57,4.0,41723.92,1181049.5
84159.07,6.54,7.44,5.91,23581.58,1756780.73
56784.11,7.38,6.22,4.26,35189.01,987741.73
59047.0,6.91,7.52,4.0,22792.12,994687.54
75439.58,6.05,7.87,4.07,34701.11,1562997.84
64377.3,4.82,6.4,4.47,42588.66,966443.15
68528.41,5.39,6.93,4.75,46009.64,1329482.16
66841.03,5.76,6.09,3.09,40855.98,1296294.34
72180.87,6.23,5.83,2.68,48653.33,1497037.35
83583.94,5.51,8.04,5.67,38741.08,1636807.25
69548.45,5.05,6.43,1.96,33844.91,1014576.67
75446.1,4.8,4.55,5.99,44834.08,1114794.59
46732.27,4.35,8.77,1.63,45159.78,941687.9
68063.76,5.75,6.18,3.26,30960.6,1040718.91
59595.85,4.53,6.74,5.18,39924.4,901688.06
55592.89,4.99,8.65,3.98,33241.94,1019881.07
59223.65,5.59,6.85,2.36,16227.7,668729.32
65021.91,4.66,6.83,4.5,40531.06,961254.82
78344.69,6.36,5.75,4.06,23314.87,1267033.48
54446.31,6.71,5.34,3.71,39420.63,960492.7
68909.47,5.44,6.82,3.21,20925.08,723341.29
63422.72,5.55,7.36,3.94,29020.3,939206.85
65090.66,6.51,7.3,3.26,31859.53,1202211.45
79270.39,5.27,6.5,6.97,48090.12,1490881.06
74318.23,5.21,7.01,3.68,30867.86,1305551.48
82836.99,7.16,5.13,3.52,25493.91,1698918.51
66936.28,6.86,7.45,3.31,39779.12,1239933.56
61165.64,6.58,7.15,6.17,34009.54,1228917.15
66197.11,6.9,8.98,1.96,44009.31,1731030.13
71167.53,4.02,7.0,4.42,26120.09,833524.25
70464.92,7.32,6.04,3.69,38255.72,1497143.93
57025.59,6.37,6.94,2.23,60673.45,1459743.69
69547.44,6.98,6.66,2.97,33788.16,1337356.86
71015.46,6.36,7.43,4.37,38016.3,1468453.28
95414.24,6.03,7.02,2.92,19677.18,1658204.92
88586.41,5.71,5.72,4.3,27697.18,1416050.41
59489.13,6.34,5.34,6.11,40725.73,1023731.06
65520.07,5.67,7.26,4.19,32888.76,1076000.68
52985.64,6.84,8.39,2.19,42261.25,1613792.59
62287.24,4.41,7.07,2.94,40380.52,981957.19
71946.72,5.44,7.81,3.63,23081.56,1228797.06
81434.99,8.0,8.01,3.55,46239.91,2102081.42
60812.42,5.36,7.26,4.17,23829.35,863771.75
61611.11,5.74,6.17,4.36,28571.15,882377.53
45697.19,5.11,7.19,6.11,38440.64,505133.77
66849.31,6.31,8.21,3.98,51715.7,1598374.69
57259.79,5.25,7.53,2.56,26199.53,741464.05
62940.23,5.8,7.75,5.4,37628.77,1174187.6
59237.42,6.82,6.52,5.53,37711.5,1067996.24
67578.35,5.29,6.79,4.27,42687.3,1211946.55
49849.13,6.76,6.87,3.68,47914.5,1295894.28
52947.23,6.79,6.94,4.75,32152.55,1012668.77
91276.52,7.02,8.17,3.72,46205.6,2104642.64
54861.65,6.12,4.62,1.45,49366.44,797533.21
56893.46,9.19,7.02,4.67,53868.79,1779506.38
88160.82,7.02,6.91,5.08,41144.59,1786907.04
99545.21,6.3,5.6,5.75,37725.56,1875728.27
56096.44,5.11,7.67,3.08,31452.75,1001228.18
64658.2,5.88,6.26,4.26,21682.56,801249.82
72223.3,7.39,6.63,4.28,33404.31,1499956.72
87007.46,7.67,8.86,4.09,37277.95,2143468.68
58065.08,7.44,8.01,4.12,35076.29,1326869.62
65968.83,6.76,7.57,4.03,42095.35,1518973.06
76867.86,4.74,7.37,4.24,21730.33,1003781.02
73216.74,6.46,6.82,4.89,34356.91,1320076.07
64573.93,4.75,9.01,5.48,55961.09,1369030.42
67156.71,4.51,7.8,3.05,46044.32,1248663.37
53929.36,6.22,6.23,3.77,42278.69,1098208.67
66044.54,6.5,5.58,3.46,40040.52,1253881.06
65743.84,6.87,7.56,3.28,32536.09,1515469.13
71057.47,6.47,6.93,1.99,18753.85,1057654.1
62664.32,6.51,5.55,4.01,40700.0,1204762.92
73608.66,5.01,7.42,4.57,11862.35,790496.68
79376.53,5.88,6.72,3.79,32931.86,1470864.93
70239.57,4.49,7.53,3.97,36126.68,1287810.47
72332.02,4.0,7.44,4.49,31724.63,1061091.94
69149.53,6.71,6.38,5.72,57713.98,1823238.15
68583.9,5.23,7.63,3.46,54269.6,1437439.67
60892.63,6.84,6.49,2.54,46413.66,1321410.4
71956.2,7.08,6.55,3.87,26979.13,1235356.15
67546.12,5.37,6.45,6.3,55233.05,1378365.98
90891.99,6.56,8.13,2.55,42306.27,2099282.21
85351.82,5.33,6.71,4.78,26813.85,1348769.74
72695.35,4.15,8.38,5.4,36487.72,1186575.6
60450.34,6.1,8.79,1.07,45676.86,1420856.36
56726.92,5.51,6.24,4.48,30219.13,790711.92
81278.2,5.54,4.04,4.72,37557.79,1116358.58
71383.38,7.94,8.04,3.65,39304.03,1709032.74
73700.37,4.47,6.64,3.18,25237.02,730018.34
49989.2,6.36,6.12,3.25,33482.33,721215.58
78467.64,5.0,6.4,3.58,25985.28,952184.59
73426.21,6.88,6.57,3.61,44784.53,1514704.43
56748.03,6.28,8.3,3.38,27150.55,1040674.76
63557.49,6.36,7.15,3.56,39059.15,1269260.54
71393.7,5.04,8.29,5.44,22365.7,1060187.05
69142.19,5.22,7.49,2.49,24913.64,1260677.11
65469.04,6.9,6.68,1.83,24432.83,1003369.67
67480.02,7.73,6.6,5.46,33288.97,1564301.78
65897.43,6.46,7.56,3.74,37953.29,1367471.56
70209.01,5.09,7.82,3.5,39783.2,1246089.49
84266.16,6.32,8.0,3.84,18573.57,1573761.14
41227.55,8.38,6.73,4.24,34489.25,971332.44
66058.65,6.08,7.17,3.34,28713.57,1056067.57
70464.27,7.43,7.58,4.6,41464.72,1878542.23
71737.7,5.25,6.6,2.8,33506.71,905195.61
64619.13,5.94,5.84,3.61,35360.75,998148.92
49859.86,6.59,6.18,1.26,28769.38,766172.43
72078.78,6.37,6.75,5.42,53280.13,1782218.35
86993.1,5.22,7.66,3.76,23423.47,1386620.17
52235.11,5.18,8.26,4.8,32195.64,1147738.54
77789.68,6.96,5.62,4.57,37230.91,1552581.09
65081.58,7.16,6.39,4.66,33668.25,1039278.02
67929.41,7.48,6.63,3.97,28580.94,1194386.06
57361.21,7.77,7.79,4.46,18182.04,1168781.37
65018.37,6.11,6.46,2.8,29299.77,926141.89
82438.88,5.67,6.56,2.54,26641.11,1368534.64
74792.94,7.32,5.56,3.86,52829.3,1654180.91
87045.98,6.69,7.48,3.14,58640.11,2059914.56
81131.86,5.01,6.83,5.73,35658.89,1258325.4
73262.79,4.96,6.33,4.44,22220.79,994288.34
87169.85,6.47,6.73,3.1,43488.09,1622014.83
73261.79,5.8,8.13,3.65,26425.82,1434029.43
77407.7,5.95,5.98,4.14,30712.48,1354294.51
65422.15,7.04,6.14,3.9,29921.67,1141912.94
69292.25,6.73,8.25,4.31,31195.48,1345335.76
61149.86,7.3,7.07,4.06,32642.4,1335389.15
79129.99,4.07,7.67,2.27,23126.49,1012278.08
56024.64,6.23,7.4,1.33,29195.51,824271.34
76921.29,6.67,6.95,3.52,46285.95,1899005.0
66551.04,4.47,6.64,4.67,35829.95,841420.87
81066.15,5.33,7.83,3.53,37406.74,1402761.05
76585.76,5.15,8.16,5.5,14007.94,1142033.98
87987.45,6.0,8.09,3.92,45569.75,1958028.03
76371.6,7.59,5.79,5.65,29359.22,1602716.17
51828.19,7.98,8.31,5.4,47318.39,1531664.51
67869.41,5.17,6.63,5.27,37694.18,1065518.44
56091.75,6.5,6.23,2.5,30584.62,936587.91
63059.17,6.53,6.82,4.0,19510.94,985654.85
84689.67,6.36,7.83,5.48,57748.35,2134163.19
75377.84,6.37,7.54,4.31,44135.23,1694335.88
61133.8,6.28,6.73,4.66,44729.01,1273720.9
57778.8,7.65,7.84,2.27,54214.86,1641055.18
68932.39,7.07,7.13,6.34,38387.06,1594377.91
55616.9,4.93,6.41,3.01,49585.57,911762.72
61429.99,6.77,6.27,1.53,31413.14,1157925.8
71908.4,6.86,7.4,3.55,43483.47,1783560.61
80896.32,6.29,6.91,1.0,29909.29,1403108.16
75071.18,7.1,5.6,2.65,31162.2,1582465.73
44162.44,6.17,7.85,7.13,37125.73,828782.56
71826.94,6.18,6.5,3.51,23584.07,1047868.03
69350.73,6.1,8.6,2.22,39432.54,1599339.55
72994.24,3.98,5.57,4.01,33066.81,859117.3
85808.56,5.9,6.81,2.88,16436.46,1307268.68
46593.01,5.32,6.28,5.04,31620.71,615569.46
62283.02,4.81,6.0,2.89,32738.33,789861.97
74880.88,7.4,6.5,4.31,44627.4,1911976.98
51726.37,6.48,8.78,2.57,38993.59,1239452.18
84313.66,5.95,7.13,7.18,50529.16,1759602.43
72508.94,5.42,6.19,4.6,41325.09,1187655.62
77605.89,6.27,5.14,3.8,30664.94,1247531.22
62497.88,6.96,5.25,3.62,35583.78,1124585.57
77256.09,5.16,6.45,3.3,32708.62,1220203.2
79970.77,5.98,6.35,3.04,41006.13,1419957.6
71065.01,6.84,6.76,3.01,36756.73,1551822.41
71081.24,4.06,4.7,6.04,29924.55,831102.15
71464.32,5.92,6.9,3.3,36248.36,1311487.12
59381.47,5.56,8.03,1.36,40740.22,1370852.48
67010.64,5.85,8.63,2.55,26174.27,1343305.72
66957.41,5.48,5.08,5.12,39309.31,1190379.36
72669.21,6.12,6.18,3.67,20494.57,1087441.15
79239.13,7.88,6.13,3.82,47135.8,1883864.75
57301.12,5.66,7.14,5.42,41395.27,1157833.27
67250.65,6.27,5.76,3.02,52333.63,1336123.84
84372.35,7.95,8.69,4.76,25080.78,2012495.38
60657.84,5.44,7.03,3.16,47412.51,1315343.83
59819.46,7.78,6.87,4.69,45450.62,1583596.23
70739.18,5.99,8.6,3.5,34354.35,1479348.35
77582.46,7.74,6.97,3.68,32424.81,1710960.1
68704.78,6.72,7.39,4.99,25392.93,1355992.84
82747.06,6.28,6.23,4.9,22805.84,1401254.17
77714.71,5.92,5.61,3.78,28707.0,1245631.35
77555.12,5.36,6.37,3.4,23699.43,1127081.77
74488.77,6.06,9.2,5.95,52000.55,1839614.52
93391.13,6.87,7.63,4.7,21255.13,1733430.63
66396.39,5.97,7.27,3.5,37640.79,1319725.61
47229.46,5.67,6.0,3.18,40487.37,783713.55
85681.14,5.73,7.91,5.24,39711.18,1834116.96
63704.84,6.96,5.62,4.12,40582.49,1156634.61
69732.79,7.19,5.41,3.78,45556.02,1425361.39
82540.19,5.32,6.43,4.12,31737.22,1206210.95
51506.12,5.32,8.96,4.4,37031.94,907893.33
55242.94,6.36,8.91,3.91,33249.4,1239989.06
51516.58,7.49,6.53,5.46,49090.57,1429158.74
60119.1,7.11,6.31,5.53,57004.17,1519314.97
73268.65,4.74,5.33,4.63,24313.21,975359.63
74169.79,5.72,7.07,5.67,16004.32,1035922.73
71527.53,5.06,7.15,3.99,41811.63,1288846.95
53525.74,5.72,7.79,4.83,46786.45,1062285.36
43961.92,7.57,7.91,5.22,55586.0,1374612.12
69162.3,4.57,6.79,5.23,43486.56,1020275.15
63554.81,4.38,7.55,5.11,50016.13,1024081.31
73479.13,5.16,6.28,4.76,52639.1,1287156.74
76064.42,6.26,7.53,6.39,50700.92,1776856.85
70056.38,6.59,6.48,3.32,44908.52,1395226.01
76684.5,6.41,7.45,3.79,23437.07,1325584.2
71025.93,7.14,7.37,3.72,36080.01,1596774.38
74232.43,4.23,7.06,3.53,39140.88,1000600.43
61072.59,7.16,7.79,1.53,35172.39,1383960.69
66668.7,5.67,5.4,5.67,35784.8,1065614.9
70680.24,6.7,5.91,2.72,51717.74,1627032.09
77328.19,4.67,6.72,4.19,28651.45,1145538.89
64386.51,5.98,5.53,2.23,44093.59,1111357.94
74137.6,6.21,6.58,4.74,39303.68,1362586.28
65749.69,7.12,6.61,3.01,27651.99,1208213.43
67330.24,4.41,8.31,2.58,25477.73,1144162.1
77424.01,6.01,7.13,4.22,19277.45,1251543.72
47340.96,4.91,8.03,3.12,40982.35,822017.01
54765.2,6.48,7.29,3.27,35535.3,1134886.68
52785.87,6.75,6.45,4.19,27967.16,869131.61
43711.32,7.25,7.13,4.96,17542.66,700392.56
61354.06,5.45,7.73,2.97,40457.66,1153342.84
76570.47,6.9,8.2,2.76,34438.76,1666237.84
65546.71,7.33,6.86,4.01,29079.59,1399038.95
70691.05,4.35,5.33,4.64,26594.9,504369.43
80191.88,6.59,5.26,5.78,33795.14,1421372.45
82733.48,6.93,6.66,2.66,40827.72,1707234.75
67846.13,5.72,4.63,3.59,32887.92,680456.08
83009.52,4.78,8.8,5.43,24366.88,1329297.34
69564.89,6.91,7.59,6.41,35586.11,1509118.98
59658.01,4.79,6.35,2.76,46540.06,967521.13
62247.88,5.8,5.87,3.07,36562.66,1043572.49
52803.44,5.94,8.03,4.45,36842.1,1140867.97
59117.27,6.69,5.87,3.27,32930.74,837522.8
64767.26,5.36,5.96,3.05,27333.09,859618.89
77147.61,5.3,6.22,4.28,27003.24,1180650.17
86922.96,6.08,7.11,5.89,19669.1,1468038.54
53851.71,6.98,7.62,2.37,47886.67,1415248.79
72769.76,8.24,8.19,5.82,40752.86,1757149.92
57492.88,4.49,8.05,3.27,36981.68,824886.34
73642.32,6.29,6.99,4.41,39096.66,1609991.41
67185.88,4.9,8.02,5.94,39532.83,1215105.32
49069.21,6.99,6.31,4.38,28872.63,1043346.25
78476.79,5.05,5.15,3.61,32934.77,925803.27
62134.9,5.31,6.31,4.86,31456.48,1023841.84
62892.69,5.4,6.18,3.77,61088.88,1267569.4
57181.58,5.9,6.35,4.62,46288.51,1174040.87
61609.65,6.3,6.02,3.73,37829.23,1047154.34
73143.46,6.46,6.52,5.04,49720.39,1607715.99
66566.03,5.97,7.62,2.27,48466.91,1542045.87
72085.88,4.66,8.72,2.73,22461.3,1065689.08
72440.36,6.7,5.25,2.25,33951.18,1298320.11
82658.61,5.93,5.69,3.91,36000.98,1373791.13
64929.59,7.13,6.19,2.1,42232.41,1385567.7
52842.65,5.28,7.76,3.13,33939.87,608254.74
79957.46,4.39,6.78,2.62,35185.08,1174810.45
65050.0,5.95,6.26,5.8,31584.11,1158258.5
80462.33,7.26,7.71,2.76,46573.68,2046458.07
72669.03,6.14,7.96,2.4,21837.85,1366444.88
67185.34,5.78,6.97,4.29,31921.5,1144507.01
72300.25,5.12,6.17,6.05,17864.52,1000376.44
89376.89,7.72,7.26,3.84,25943.83,1906581.15
90719.46,4.96,6.75,3.93,39310.99,1529406.69
69322.46,5.26,6.75,5.57,39499.33,1276283.32
70290.31,6.54,6.47,5.06,33054.57,1381494.38
80053.57,4.14,7.92,4.5,47318.55,1560743.89
59569.94,7.24,7.24,3.26,49601.88,1473801.02
72132.86,6.6,8.04,4.54,35475.92,1592052.89
68307.35,6.87,8.34,2.31,38648.55,1745325.35
71928.63,6.53,7.45,3.21,31671.5,1464331.06
59700.96,5.82,6.48,5.74,42384.86,939327.79
51641.39,4.93,8.04,5.58,24311.95,619984.94
46489.14,5.84,7.46,4.52,53986.66,1032019.09
56673.92,5.01,9.62,1.61,47477.35,1264677.57
63694.44,6.46,7.3,2.49,24263.66,883987.35
65458.16,6.78,7.69,3.14,28331.99,1485373.07
89230.01,7.44,7.28,3.77,40343.89,1962526.34
80370.68,6.35,6.89,2.44,32805.86,1433978.02
58329.03,6.9,6.73,3.68,41568.15,1052657.59
72288.88,5.69,7.29,6.15,32595.99,1373209.55
64244.36,5.51,7.52,4.47,51296.76,1383126.73
65552.25,6.45,8.16,4.25,36245.45,1388484.75
70558.2,5.6,7.3,2.73,60187.01,1617673.58
75182.13,6.25,6.52,1.96,42144.55,1540871.26
64967.18,4.93,6.66,2.47,22770.16,722001.93
79921.53,5.11,5.65,1.91,56871.48,1316001.77
56412.22,6.61,8.67,4.07,47067.39,1350674.05
68650.56,6.86,6.44,4.45,39935.97,1270576.64
96269.01,5.0,7.97,2.79,42580.84,1944202.76
70960.58,6.64,7.27,4.16,24361.71,1375814.85
83858.2,5.45,7.3,5.79,18254.57,1425899.32
69558.42,6.0,6.87,6.39,35748.63,1113073.64
74772.92,7.38,6.19,4.93,49847.3,1806125.26
67977.8,6.78,6.01,3.76,40090.41,1264062.98
66766.8,6.77,8.74,4.89,53126.53,2123274.09
60275.28,7.87,7.11,5.64,49276.12,1754831.13
73169.15,5.28,8.13,1.51,36367.54,1557764.35
59507.32,5.0,8.39,5.8,47911.79,1346499.39
75676.81,5.27,6.58,3.31,51274.76,1518523.58
80149.99,5.73,7.42,3.32,35367.19,1473216.39
72489.49,3.65,7.04,3.54,34041.28,881639.4
65532.16,5.77,5.82,4.37,37556.97,967961.24
73421.37,5.44,6.8,2.61,12224.81,954895.65
65293.16,6.76,7.58,3.63,38946.29,1594044.83
78554.06,6.33,6.49,4.63,43313.35,1552388.06
49063.87,5.39,6.66,4.25,37597.27,660682.78
65006.1,6.56,6.81,4.45,39583.89,1170000.7
47364.93,6.7,9.12,3.58,35731.5,1205999.26
52648.64,5.22,5.14,4.83,16342.56,398089.98
83119.04,5.49,7.5,5.28,52664.25,1943952.37
78123.88,3.78,6.73,5.21,32512.3,1165681.91
60914.78,4.9,6.34,4.51,30031.63,796433.07
52569.32,5.24,6.71,5.13,49640.98,985351.98
36987.05,6.05,7.66,5.05,45876.6,961175.42
62790.42,5.04,7.72,7.27,38873.18,1017324.05
94379.78,5.47,7.18,5.48,43798.99,1837578.08
73218.0,4.77,8.09,3.87,24699.74,1299587.8
62619.08,6.15,8.27,2.86,35360.12,1201097.75
73539.82,6.4,7.81,3.66,49013.73,1735029.01
51946.31,6.38,6.44,3.57,29442.37,867958.59
65414.13,5.99,7.49,4.61,26254.54,1121697.3
69643.23,4.45,7.49,3.12,36943.14,1226406.61
67665.34,5.37,6.17,5.45,37175.92,1218404.69
77011.41,5.58,5.4,2.27,42590.15,1330742.63
72256.23,5.58,4.95,1.97,22484.84,957989.26
75706.02,6.05,7.06,3.81,10860.44,963706.54
61246.33,7.39,7.29,2.94,45306.23,1498731.26
78151.92,6.78,5.8,2.43,25414.4,1532898.01
85944.21,5.0,8.05,3.2,30108.85,1709797.74
58243.15,6.65,7.14,3.04,14494.39,714858.66
59121.94,6.61,8.35,3.99,46315.41,1487559.88
82819.79,5.18,7.36,3.22,39640.11,1553088.93
66543.66,6.82,5.91,3.32,39241.68,1317035.13
83544.93,5.82,7.45,3.97,39174.79,1792942.76
63866.45,4.58,7.67,5.23,15715.89,896146.0
84090.88,6.43,6.44,5.79,26385.23,1467151.98
69984.38,6.19,5.53,4.16,31679.61,1199828.32
71335.2,5.75,7.09,4.26,28731.73,1254785.02
85259.76,5.94,5.98,3.75,33468.25,1453170.97
64727.25,5.27,8.12,4.57,38606.53,1074934.25
58552.52,6.58,6.58,4.46,46151.9,1355773.84
63802.2,5.94,8.73,5.61,21471.98,1211618.43
73403.98,6.14,4.84,1.66,36075.31,1168417.12
51895.14,6.33,7.13,3.69,43225.07,991963.99
75377.16,4.84,8.43,4.4,26991.47,1459957.43
62840.78,5.09,6.09,3.95,34249.13,875380.79
80816.39,3.79,6.83,2.82,40793.53,1105615.14
43064.97,6.54,6.58,2.38,36274.25,628517.4
60199.78,4.78,6.3,4.97,42854.41,978290.8
50608.62,6.11,7.24,3.05,37102.88,1015562.99
59777.05,6.35,5.68,1.82,33067.76,880200.98
71222.62,6.58,6.88,5.03,24523.86,1280519.92
66672.8,4.79,7.51,4.54,38616.15,1200149.34
65882.5,5.92,6.77,3.84,37155.23,1201236.01
66886.41,7.63,5.98,2.86,26309.14,1156401.93
70750.71,7.68,8.03,3.84,41939.9,1903139.19
57834.02,6.96,7.73,5.48,48747.14,1565623.14
76116.6,6.31,5.94,1.99,29611.58,1308356.04
75645.69,4.98,5.68,2.06,28941.25,898908.01
72686.73,6.69,6.03,3.21,28578.83,1104958.59
74514.53,5.82,7.54,3.95,19502.28,1191049.88
71742.22,6.53,7.27,3.37,56057.48,1854375.98
90272.81,5.35,7.79,4.77,31707.81,1766893.67
67654.75,5.81,6.66,5.32,27642.84,1111719.03
65310.11,6.14,6.06,4.32,24979.76,895826.63
60551.9,6.22,7.92,4.67,32312.42,1110973.31
57581.14,6.47,6.43,4.31,29263.05,937357.84
55319.42,5.41,7.18,3.99,50435.88,1127682.04
59110.2,4.65,5.42,2.39,23769.28,573286.71
67829.69,7.59,6.41,2.72,20893.05,1161818.17
72145.92,8.44,8.01,2.32,41639.46,1912221.09
69128.07,6.42,6.27,3.8,35098.98,1452634.31
60423.93,4.67,7.81,4.27,33950.27,1099844.81
78177.17,5.21,4.64,2.2,41717.39,1052864.68
76463.66,6.48,6.43,4.07,37519.86,1618551.12
66881.47,7.31,6.82,2.9,35698.34,1305766.01
61624.22,4.78,8.75,2.66,22211.96,877089.79
74428.14,5.86,5.81,3.21,19607.16,943497.97
70586.42,6.17,7.67,2.6,29211.25,1308355.75
53148.86,6.84,8.06,4.73,25400.68,1106689.99
67858.47,5.64,6.26,3.77,38834.87,1158138.71
71375.78,4.43,6.61,4.98,18310.75,820405.63
58994.05,6.59,7.13,3.43,31724.94,1070802.46
70606.35,7.09,5.49,3.48,34445.23,1321302.14
53077.5,5.9,6.53,6.28,35769.42,872481.46
82824.07,6.38,8.28,1.98,40122.72,1713246.27
81883.65,5.51,7.52,5.56,32922.09,1543978.17
65891.67,5.14,6.83,6.02,29538.14,967159.3
72456.7,7.0,7.1,4.92,48514.47,1650236.03
42898.05,6.36,7.58,3.57,32986.68,758148.16
56258.65,6.47,7.77,5.74,50247.87,1355926.78
65451.9,7.47,6.43,3.58,32936.11,1301135.65
57156.21,4.94,8.54,3.11,36001.52,1211101.23
76197.04,5.43,8.32,3.5,34785.93,1690837.45
89870.19,6.14,7.67,3.28,38457.84,1594954.78
56042.64,5.42,6.14,2.82,31996.01,785121.23
59657.32,6.76,5.96,5.35,37117.14,1190609.26
71092.41,5.79,6.66,3.03,51356.33,1457896.7
85754.28,5.0,7.05,3.94,46572.85,1734132.01
55554.93,6.05,5.2,2.2,46641.2,1100569.67
71237.23,6.15,7.49,4.02,22844.34,1073807.17
87994.4,6.91,8.29,2.56,24450.31,1827192.17
50978.55,6.37,7.57,2.53,38324.18,1248924.58
54929.36,6.44,6.31,3.85,43812.57,957838.37
64068.2,6.3,6.19,5.28,31010.58,1038120.25
63034.57,5.79,7.29,4.52,29239.47,1006035.72
77243.7,5.27,6.84,4.61,49996.89,1635721.8
71158.61,6.27,7.44,3.82,42970.33,1646721.48
49665.45,5.65,7.6,3.57,46663.52,1055801.35
74076.24,7.65,8.09,4.95,31781.61,1733725.73
62427.59,7.31,5.85,3.29,31001.8,961640.4
82166.06,6.61,7.21,5.01,45580.74,1977769.28
61894.17,6.35,6.62,5.5,33555.45,1069361.88
61797.95,5.89,6.89,2.95,30100.24,986375.11
74350.38,4.73,7.86,3.13,27099.53,1250676.94
76714.27,5.77,7.97,3.31,31088.4,1468243.23
73358.84,6.08,8.4,2.18,44848.2,1787010.65
50617.9,6.21,7.42,3.4,21179.58,802257.88
74317.37,6.44,6.88,5.58,42406.35,1572908.25
57559.34,6.89,6.73,2.69,29133.93,1070068.24
71090.57,5.29,5.24,5.61,34075.77,855512.05
53408.84,5.3,8.34,3.45,34711.51,957302.16
73339.9,7.42,6.66,6.58,33972.11,1647436.04
59986.27,6.74,7.5,3.14,33313.26,1135068.93
54912.68,5.59,7.68,3.8,31752.77,854964.71
76190.9,5.87,5.73,2.86,30491.61,1083410.82
71158.45,5.88,6.06,3.13,49261.75,1404907.26
62039.24,6.01,8.55,5.63,36411.61,1470868.05
84049.66,6.45,7.28,4.56,34912.96,1749902.31
63886.53,8.49,6.4,5.25,29764.82,1194944.62
68925.2,6.17,6.86,2.36,32114.16,1289534.53
71449.08,6.64,8.09,4.79,29799.38,1431785.86
61978.6,4.31,7.93,2.79,43759.04,1130388.25
73604.37,5.5,5.51,2.34,28683.53,983492.38
62897.46,7.2,8.64,4.27,13869.01,1122129.85
64195.76,6.38,7.97,4.26,36741.71,1360057.05
83106.05,1.63,6.84,4.05,33390.05,762371.06
57492.43,6.65,5.79,4.86,30349.05,936411.27
42867.59,7.88,8.05,5.05,45210.19,1207691.91
85752.37,4.0,7.47,5.79,9032.82,851116.99
95753.74,7.48,5.52,2.52,51807.22,2226230.88
64263.64,3.24,6.76,5.83,46630.68,970755.82
47940.18,6.91,10.15,6.3,29929.57,1330387.78
65273.86,5.97,7.01,3.53,31688.97,1063136.03
65532.44,3.65,6.24,1.93,41169.04,726062.24
66558.79,6.42,5.97,2.28,41435.32,1179945.67
56716.51,7.12,8.78,3.41,29871.72,1409732.83
74759.96,6.34,7.85,6.46,20116.49,1243790.07
74173.2,6.56,8.41,4.0,57141.4,2063556.91
52655.62,5.57,7.24,3.22,45652.53,1094998.54
76035.04,4.14,8.26,3.14,37719.77,1425513.88
90460.52,6.66,6.13,2.35,37907.57,1874595.1
70415.75,7.71,7.15,5.06,42329.57,1761877.57
64987.79,7.1,7.28,3.87,43518.05,1373780.11
67069.53,4.01,8.39,6.56,15455.81,835436.62
75140.41,4.48,7.31,4.75,32680.6,1162522.46
50137.5,5.14,6.36,5.0,31648.81,553268.05
70335.08,4.4,7.05,3.68,34560.76,1165715.34
64421.44,6.02,5.3,2.64,43813.13,1076588.99
88277.12,6.37,4.65,2.91,18396.45,1143288.23
66726.67,4.56,7.83,2.3,22772.76,1002636.46
86359.35,6.75,6.61,5.1,29396.68,1589294.32
56819.33,6.58,6.73,3.51,37694.88,1044278.2
74842.01,5.44,7.83,5.15,44421.85,1431368.91
71987.17,5.81,8.4,4.15,52353.88,1649482.45
59320.69,4.05,7.53,3.62,33320.93,700273.67
70473.69,5.65,8.94,2.54,44405.52,1675737.51
81506.03,5.99,7.5,4.35,43211.36,1614802.93
65132.03,6.15,7.3,3.71,41539.07,1153362.83
50550.06,6.36,7.23,5.09,35922.01,1000523.27
68395.82,6.22,5.69,3.1,32197.65,1019025.55
58964.97,5.72,7.96,4.74,25588.91,975295.56
64934.33,6.26,4.52,6.0,24931.94,896927.1
67713.44,6.97,6.4,4.32,39607.79,1399771.69
50404.16,5.89,7.01,4.95,35622.86,1009304.13
51363.31,6.29,6.19,4.68,32039.09,783949.46
73720.87,5.8,6.53,6.31,42761.23,1499059.48
63011.86,5.34,8.85,4.44,34173.15,1185676.79
41247.95,6.5,8.11,4.84,27099.7,776050.43
76947.87,5.43,6.3,3.94,33518.01,1139240.34
71485.92,6.36,6.52,3.03,44307.75,1374908.7
60974.52,6.01,5.7,2.49,26004.63,770725.95
54548.22,5.68,7.7,5.54,38240.07,906050.79
77491.04,5.66,6.74,2.74,35612.9,1379608.2
72306.38,5.48,5.0,4.9,28611.96,880149.98
93976.78,4.35,7.09,4.49,33251.48,1539316.67
73061.37,6.36,7.43,5.11,20564.05,1114603.88
72715.14,6.21,7.96,3.35,37251.18,1597906.1
66803.88,6.82,6.92,3.01,22618.03,1319771.0
77288.2,5.45,6.61,4.45,46806.94,1634220.64
75245.16,7.86,9.0,3.62,35250.17,2138997.26
81923.89,5.6,7.0,2.47,30487.75,1407842.63
63026.74,5.11,7.72,6.36,47681.55,1240594.29
63942.43,5.0,6.45,3.01,25921.9,830733.08
63476.72,4.26,7.69,2.76,28742.25,821695.23
77011.36,7.5,5.52,3.68,18007.73,1067598.37
84552.67,7.34,6.52,5.52,49159.85,2060015.26
63692.68,6.57,5.77,1.31,54751.19,1363611.23
64055.76,5.09,6.38,5.42,19552.58,554676.41
71930.44,7.77,8.25,2.86,28066.46,1611093.85
65963.67,5.63,6.37,4.31,36855.9,1068970.15
78729.99,5.71,7.72,3.15,31044.74,1451953.74
44583.56,7.4,8.52,6.43,35852.2,1175770.35
59771.98,6.63,6.96,4.13,34995.84,1301352.12
60244.01,8.16,7.99,3.11,40207.95,1498648.68
43852.65,6.23,7.53,3.61,26625.42,680670.91
58312.54,5.59,7.11,4.09,38075.15,938176.56
58829.27,5.37,7.75,4.2,25085.44,1008862.27
66439.63,4.15,8.85,4.52,32075.31,1031489.34
80444.99,5.7,6.35,3.98,18925.74,1102544.2
65971.14,7.11,6.02,2.29,32147.86,1318855.25
57596.59,6.57,5.96,3.56,30478.58,1048281.48
67975.98,6.0,7.99,4.73,45528.03,1671917.97
79765.09,5.0,8.13,3.16,35574.84,1310389.04
58181.23,6.2,6.45,4.81,37378.84,1083526.53
58878.09,6.98,4.83,4.02,35940.16,983969.56
74536.01,6.41,6.31,3.71,15031.59,1055450.45
66221.87,6.15,7.54,5.45,16343.31,1020544.97
75483.89,5.19,6.92,1.84,33000.12,1353572.54
68437.55,6.84,7.17,3.15,38927.71,1571358.94
76061.33,2.88,6.46,5.5,33831.96,913512.93
57551.14,6.36,8.01,6.23,27587.21,1113558.83
68454.2,8.52,7.34,6.79,33777.89,1922333.38
66337.47,4.49,7.58,4.04,32916.68,957496.08
55624.03,5.74,7.15,4.54,43894.61,926787.99
51919.45,5.97,7.52,4.99,43338.97,1057788.02
75891.71,5.52,7.45,5.55,30670.36,1332406.21
64842.55,7.01,6.05,4.37,35667.5,1364900.38
57687.54,6.45,7.37,5.12,38904.28,1149503.15
67557.92,6.13,7.79,4.55,40377.6,1482478.78
80605.42,6.77,8.16,4.62,52565.04,1901118.3
44274.9,6.0,7.41,2.85,35883.63,900101.69
52631.82,9.13,6.02,3.58,47762.79,1504192.91
58746.88,6.13,6.17,3.34,24649.18,776114.35
84156.24,6.17,6.55,2.52,29834.09,1693883.82
71594.81,4.29,7.18,1.95,14964.94,857751.76
76761.07,5.44,6.87,3.46,37664.72,1257733.28
56431.16,7.12,5.86,3.66,42589.68,1140154.47
56650.99,4.66,5.85,4.11,10800.8,543544.48
73355.8,3.84,4.87,4.66,38031.74,989391.89
69204.09,6.01,3.84,4.21,42159.79,1085906.49
74431.46,7.34,6.86,3.66,41594.33,1496781.32
66582.8,6.02,9.33,2.85,24294.08,1467431.06
71547.46,5.65,8.8,5.06,43836.22,1554035.23
70268.23,4.14,6.0,3.85,36255.35,1015055.2
76872.44,6.43,7.14,3.45,42029.05,1553347.41
77184.09,6.63,5.51,3.75,34913.86,1408807.45
51318.4,4.22,5.66,3.08,39944.8,436714.91
44631.61,7.1,5.78,3.33,47172.17,918736.83
79259.6,6.74,6.76,3.29,34138.08,1623452.77
81241.77,7.1,6.81,3.63,38982.74,1611272.53
57705.2,6.56,7.25,4.79,48566.95,1587466.82
48760.87,6.63,7.66,4.48,34840.69,907770.46
69638.51,6.5,6.65,5.88,24993.44,1060053.34
78503.87,6.84,7.03,5.47,42872.73,1794654.17
87741.76,4.18,5.89,6.39,50404.16,1601178.15
74085.7,4.49,5.63,4.67,48954.18,1140364.22
64621.24,5.25,5.48,4.65,43259.25,880668.9
59064.01,5.85,7.65,3.38,12897.24,674550.3
68705.05,6.36,6.65,5.0,29852.36,1095283.35
65393.44,6.3,5.1,3.17,30360.84,961849.94
57764.41,7.09,6.93,2.17,36608.32,1203910.4
90418.64,7.12,5.73,5.86,52919.03,2071686.58
87609.32,5.12,8.67,2.44,25438.62,1609314.71
80691.01,6.22,6.41,4.52,58416.86,1917436.36
58768.58,5.14,7.68,2.9,32368.39,901593.81
77695.8,5.79,8.09,5.37,28551.5,1381154.75
75400.14,6.3,6.03,5.53,44551.66,1495830.9
73299.65,2.61,7.07,4.63,45336.72,960570.9
81901.93,8.37,7.55,5.51,42613.72,2140885.81
75354.79,6.54,7.11,3.99,28526.15,1332226.42
76470.07,5.39,7.35,6.73,41145.63,1531838.37
75371.15,7.89,5.65,4.9,25904.94,1291232.69
72215.15,5.64,7.55,2.87,28250.33,1190532.67
49573.27,6.11,6.5,4.07,35221.41,919369.72
69474.23,5.5,7.34,3.79,28024.86,1013494.73
62655.11,7.62,7.92,3.67,46611.53,1784862.65
54942.46,5.88,7.67,1.94,30424.69,806527.66
86507.8,6.13,7.34,4.46,33974.97,1529693.81
87010.63,7.17,7.64,2.28,27427.03,1651991.19
83069.57,6.56,7.69,1.0,46461.28,1919717.11
71303.06,5.93,8.5,3.56,29551.69,1473005.01
82977.96,7.08,6.96,3.05,47497.46,2052459.98
68711.46,8.49,7.16,2.92,46768.3,1982613.3
70744.41,6.29,7.93,1.0,31737.04,1492061.73
56928.78,6.1,6.49,2.93,36457.45,894309.02
72814.13,6.15,5.64,3.77,31461.44,1065754.78
69226.59,7.28,7.49,3.2,41579.29,1714193.34
54699.33,5.39,6.78,4.46,34232.87,960475.28
68037.34,5.7,5.77,5.69,32019.5,900138.48
67733.24,4.46,7.5,4.62,36621.33,1199404.2
87741.41,4.81,8.44,5.24,20459.51,1236128.62
78113.53,5.47,5.34,5.34,35410.21,1218642.12
68704.99,5.92,8.02,2.73,42610.4,1471660.48
71234.58,7.73,4.43,4.52,37533.19,1301040.06
69054.22,6.51,6.59,5.2,45608.19,1465247.84
66420.34,5.08,8.85,3.44,32418.32,1156235.49
57046.49,5.26,6.66,3.01,31604.54,833864.19
66973.09,7.34,7.08,4.63,25073.61,1306474.52
60631.08,7.1,7.76,2.16,32135.98,1401377.22
55257.14,6.01,5.26,2.64,55674.48,1226490.59
74031.6,5.54,7.06,3.16,38897.77,1374051.86
72753.1,7.09,7.05,4.53,30351.55,1379055.15
49540.27,5.0,8.87,4.25,26177.04,661538.7
67275.43,6.37,5.74,5.25,20297.58,1082776.73
79195.19,8.23,6.6,2.85,27921.34,1846729.1
79872.21,6.18,6.05,2.78,43698.0,1629599.1
79516.37,5.21,5.95,4.62,31924.71,1192515.76
68997.74,6.39,8.13,3.0,26653.15,1416635.84
59576.51,5.51,7.02,3.24,27744.78,1001629.64
57032.94,4.6,6.43,1.7,42609.1,755005.55
72255.8,6.67,6.47,4.34,35356.46,1388253.05
72625.37,7.09,6.42,5.88,29938.0,1266159.59
82303.37,5.67,6.51,2.71,33102.25,1391194.63
80306.58,5.61,5.71,5.24,58056.39,1793014.82
67173.71,5.03,6.73,3.91,48267.76,1341026.35
55322.25,5.83,6.63,1.81,50739.11,1143579.91
65181.96,5.42,6.22,2.88,18773.37,473460.94
70898.25,4.98,7.15,2.8,34663.31,1081077.82
66429.2,7.85,7.23,3.59,29763.47,1470121.43
62423.8,6.44,6.43,4.5,41560.61,1204131.5
71278.25,6.55,6.84,6.25,46681.58,1569628.92
63211.82,6.85,9.17,2.22,39402.78,1630698.94
61889.07,6.74,9.13,3.38,27503.73,1323728.27
71902.46,5.57,5.93,2.88,29602.44,1038844.35
64298.56,6.25,6.07,2.42,42322.17,1181896.07
71184.66,5.71,5.92,4.1,43309.73,1187981.9
71494.81,6.41,8.06,3.98,37561.95,1737607.51
56438.97,6.32,6.59,1.75,37451.17,979292.47
63453.93,5.6,7.23,4.0,36660.47,906987.46
83906.83,4.66,9.01,2.5,38833.78,1842581.65
56197.56,6.12,6.98,3.99,43268.91,1047247.29
46023.7,5.78,7.7,5.54,42417.39,1025457.19
48739.45,4.11,7.52,4.55,36397.09,535124.66
68893.25,6.48,6.4,4.2,35676.18,1334350.46
68912.52,6.94,8.06,3.33,35296.56,1542379.04
67329.5,8.48,6.13,4.06,28418.22,1529033.77
81523.84,5.59,8.34,4.67,28292.2,1508200.57
40095.93,5.45,6.4,4.55,41561.77,513295.7
72802.86,4.88,6.51,3.86,29087.78,1037221.87
85224.81,6.19,5.89,4.25,44241.29,1610421.93
56563.11,6.18,6.06,2.36,35653.42,723484.38
64535.02,5.18,6.56,3.08,44297.48,1057558.59
60558.68,5.81,4.53,4.85,42484.82,1152291.04
59051.06,4.02,6.75,5.02,44529.08,660334.39
65105.7,6.9,6.48,4.1,31435.07,1233242.34
83797.14,5.22,7.79,5.8,40221.33,1608928.54
88165.87,5.95,7.42,4.6,43486.54,2031708.56
65002.56,4.57,6.28,3.69,20766.08,525995.76
88887.13,5.4,6.53,2.48,53052.31,1816244.46
68962.17,5.7,6.75,5.75,58652.58,1616395.84
87273.84,5.97,8.49,4.93,45564.84,1978128.69
67588.62,6.45,6.16,6.19,44161.37,1273197.66
69979.81,7.4,6.26,6.65,42006.43,1535916.49
72478.23,6.71,5.85,2.4,32952.92,1247608.17
102463.22,6.93,5.49,2.4,35069.56,1917887.16
77656.0,7.41,7.3,1.0,45734.72,1966461.44
61044.97,6.54,7.19,5.11,26503.82,1119393.45
78910.58,5.94,8.29,4.79,25635.38,1538982.81
64726.59,6.98,8.04,4.1,32219.51,1450300.29
63363.24,7.04,9.41,2.47,42676.31,1816243.86
78266.87,6.62,6.92,3.87,27568.58,1571580.99
68914.31,4.54,6.73,4.21,33925.75,944399.86
71552.06,5.15,5.68,4.94,35104.24,1102924.26
68732.05,5.71,7.69,4.32,26120.2,1030643.83
72170.3,6.75,7.11,4.8,11948.3,894646.38
73112.29,5.96,7.65,3.83,25974.86,1469224.11
47938.81,7.11,5.84,5.43,38752.3,877685.6
75687.33,7.28,7.35,4.76,40987.97,1777801.17
58116.64,7.17,7.2,2.52,41069.55,1211025.51
53210.98,7.17,7.13,5.69,42213.01,1119124.62
67960.45,4.95,6.3,5.49,29946.03,839695.29
69478.07,6.46,8.19,4.55,27819.95,1450722.19
61191.61,5.38,9.06,4.33,39885.45,1268537.91
77440.14,4.35,5.87,6.02,34061.38,993108.13
54278.1,5.7,7.72,1.97,45165.76,1059574.32
64245.79,7.29,4.08,5.51,39948.13,1212817.35
62349.41,6.44,7.67,3.39,48904.92,1569897.97
68086.47,7.98,5.1,5.33,31542.55,1238879.88
71555.14,6.16,6.46,4.13,46758.28,1525481.62
57840.88,8.4,5.66,2.45,56357.16,1550946.32
76302.4,6.16,6.77,3.37,36696.39,1408709.88
69254.48,6.0,7.84,5.24,41118.62,1462601.11
48418.64,4.71,5.11,3.72,26927.51,320845.89
47708.33,7.08,6.63,3.22,45036.51,998618.97
68451.7,5.48,6.47,3.21,47368.9,1338694.38
66227.93,5.34,8.59,4.77,31255.55,1483954.07
67480.75,7.25,7.43,6.13,41980.63,1617309.23
68284.76,7.13,5.8,1.35,38946.69,1343543.05
70987.02,7.1,6.51,7.42,40041.54,1504224.63
78683.05,5.62,8.56,4.23,44222.3,1788699.96
56740.84,5.93,7.71,4.69,41313.08,1011828.38
56092.13,5.92,6.06,3.44,34783.55,1024044.86
56930.35,6.75,6.72,3.98,44433.47,1335090.41
71662.27,7.52,6.75,4.22,47198.17,1661008.1
81851.65,6.34,6.45,2.69,30662.62,1462743.18
63985.78,7.94,5.26,2.99,36145.14,1220249.23
41919.88,6.87,6.31,5.44,18608.72,523318.07
50421.84,5.75,8.39,2.07,41955.21,1099655.58
59704.49,6.8,6.61,4.52,48302.44,1373098.26
62638.73,7.67,6.89,3.52,33609.34,1261326.7
64230.39,7.96,7.13,2.8,37487.35,1484860.49
68994.2,7.16,9.23,6.41,33977.56,1829976.66
65260.41,6.01,7.0,2.81,32352.83,1087259.6
79766.86,5.77,8.09,2.59,38467.3,1374929.6
61378.01,6.55,6.39,3.75,28379.39,998628.84
59392.42,7.64,6.73,3.03,33827.88,1513179.76
73686.86,6.41,7.0,3.99,27185.33,1397815.33
52216.13,6.43,6.21,4.17,42009.59,925114.83
72736.33,6.03,6.78,4.27,38537.44,1371954.49
69676.01,5.66,7.89,3.83,31882.96,1349899.52
67011.56,5.82,6.18,3.12,36531.01,936740.39
85510.85,6.11,6.99,4.77,33972.3,1536683.49
61951.51,7.68,7.71,3.84,47516.16,1703425.25
90541.66,5.74,6.16,3.37,31785.95,1690656.13
66180.35,6.03,8.1,5.8,42465.82,1415945.69
54972.56,5.12,7.06,3.83,29163.82,893456.73
69328.2,6.69,6.82,5.32,44244.32,1430451.28
57112.38,7.33,4.96,5.49,46458.26,817202.98
60570.79,7.59,6.61,5.56,46926.72,1555065.75
72814.58,6.18,7.37,4.83,50762.84,1715529.78
74504.39,6.55,8.75,3.98,39065.52,1821020.38
61951.94,5.83,7.56,3.9,48449.62,1426409.31
79106.76,6.5,8.13,3.68,52282.99,1981872.63
80919.72,6.29,5.77,1.31,25026.63,1233073.5
83891.1,6.04,6.86,4.86,30175.86,1479756.06
74225.49,6.12,8.22,4.28,21318.17,1290831.84
83114.42,6.43,6.09,5.0,46694.86,1666658.89
48537.45,5.69,7.96,3.84,21190.82,498818.49
65194.75,5.74,7.73,4.8,18498.06,857908.94
59342.46,7.67,7.27,2.29,25271.38,1193918.57
69853.71,8.66,6.66,2.54,18910.25,1204640.04
62492.49,4.79,5.99,1.0,38864.17,652467.7
66812.09,4.73,8.78,3.81,25398.91,1046406.58
88643.22,5.03,7.63,3.03,19386.94,1351206.91
66774.13,5.88,7.33,2.87,35747.41,1213541.69
72993.2,6.87,6.57,4.39,36332.84,1222668.79
66107.47,6.57,7.03,3.46,17605.4,1186956.26
69389.95,6.15,7.16,2.22,29079.52,1077540.23
68647.13,6.5,7.39,7.11,35422.21,1318940.51
73361.24,5.29,7.73,3.93,32621.53,1168391.55
81002.85,5.74,6.2,2.65,32892.88,1475503.43
86140.93,5.96,5.51,3.16,47867.42,1679170.37
71882.93,4.41,7.08,3.77,57467.46,1367753.36
74866.39,4.83,5.23,3.76,33053.51,896743.87
56317.09,4.87,6.66,5.58,23043.33,604510.41
67646.41,6.74,6.48,3.88,33834.76,1148554.76
78604.61,6.22,7.49,6.26,38091.36,1656645.41
77812.49,6.58,8.99,3.45,35634.21,1745371.93
70838.34,4.16,5.03,4.5,42224.11,923257.07
78030.19,4.51,9.29,5.24,58116.2,1895533.28
73813.59,6.64,6.75,5.45,19160.28,1144952.48
81375.86,3.23,7.34,5.59,31130.23,856685.68
71666.99,7.19,5.56,3.65,51458.85,1565440.99
64791.97,4.17,8.0,3.97,30981.7,789235.66
72162.4,6.81,7.03,1.0,43998.72,1606171.3
37348.73,5.1,6.93,3.74,42424.69,513198.34
72663.8,7.02,5.03,5.32,48439.03,1418126.44
29698.22,9.16,7.06,5.08,55152.9,1123457.47
50214.33,3.73,7.84,3.87,39468.75,776545.8
73397.95,6.67,6.75,6.07,18835.64,1151451.44
73672.51,4.19,8.18,3.51,29211.46,1356688.9
56193.83,6.4,8.13,3.1,57859.57,1541259.34
60993.42,5.78,6.34,3.4,22127.09,812292.21
83190.23,6.11,8.6,2.6,41093.81,1874756.72
63424.21,5.08,7.04,4.75,11206.5,671040.09
92488.04,6.75,7.04,4.33,22752.07,1820788.51
68562.54,4.55,7.09,4.73,44965.85,1290364.94
72931.85,7.21,7.06,3.47,36519.91,1398785.78
85815.65,5.57,4.33,3.91,32426.81,1276214.26
69979.49,4.59,6.8,1.3,28080.52,967249.17
57900.02,7.56,5.61,4.44,16347.32,832414.15
67413.52,5.91,8.63,4.1,43045.05,1708147.96
68203.46,7.87,8.59,2.63,33352.76,1893839.88
54037.58,7.19,7.85,3.85,21058.49,1118760.09
65856.34,5.19,6.75,3.66,36462.63,999476.1
60672.72,5.9,5.97,6.15,41931.89,933448.49
78434.8,6.1,6.33,2.67,34171.31,1460003.91
68951.89,7.49,8.95,4.39,37314.23,1917247.38
65568.96,6.41,6.29,2.64,36541.41,988135.04
67451.31,6.15,4.61,3.29,29148.06,981984.19
70961.03,5.78,8.03,4.32,36701.53,1396824.66
75157.01,5.93,8.51,3.72,43460.03,1515051.38
57928.07,7.27,8.67,3.97,46431.84,1657850.71
57481.76,5.98,8.04,4.39,44010.99,1368783.47
80356.67,5.59,8.2,3.37,29462.65,1466217.28
64188.31,5.42,7.04,5.07,42477.41,1081007.81
53482.3,5.43,4.89,3.6,40782.75,837736.54
73313.16,4.59,7.02,3.86,29119.14,970921.3
73521.6,5.24,7.62,4.42,31554.7,1375613.21
52268.64,7.46,6.85,4.26,42908.95,1095450.33
71028.82,5.78,6.81,4.77,49828.81,1515722.93
76422.84,6.68,6.02,4.37,18182.16,1198204.97
72573.21,3.53,5.98,4.56,52440.61,1163769.98
75318.66,6.54,8.85,3.58,47717.28,2055169.39
53616.3,5.82,8.88,2.67,38139.25,1096027.36
72111.23,5.5,6.99,2.22,33773.89,1276399.15
65357.68,6.16,7.27,1.93,40038.05,1179494.31
63437.42,5.49,6.0,6.15,29805.39,726661.86
77861.38,3.88,7.64,1.26,34399.38,1110048.24
84349.11,6.89,8.77,5.45,21523.36,1795274.42
87707.4,6.22,5.45,2.97,18878.38,1432297.59
82596.22,5.67,7.46,5.44,59311.14,2116529.03
67413.45,5.02,7.53,1.27,36789.02,1119318.89
72342.29,4.52,7.52,3.69,38184.61,1235411.53
76755.8,6.2,8.65,5.77,35857.98,1776291.8
69874.51,7.58,9.05,4.86,27947.34,1762119.5
69976.68,6.18,6.75,3.57,33115.41,1237536.42
77362.56,4.61,7.67,1.59,37068.05,1330258.52
67951.17,6.2,7.08,2.35,34211.37,1256257.29
60810.26,5.93,6.35,5.69,28697.39,883955.11
64165.55,6.84,7.26,3.55,40921.93,1383466.48
75339.22,6.58,7.67,3.89,38032.52,1610402.12
68614.9,3.02,7.21,4.33,40062.61,829864.34
72208.96,6.52,6.1,2.38,43160.57,1314381.64
75724.7,4.99,6.52,4.48,34470.55,1262949.1
64587.94,4.57,6.53,3.46,34486.79,919616.53
76643.09,5.79,6.14,4.34,50876.34,1718752.91
72620.7,6.39,7.31,3.27,26793.65,1352592.52
55422.36,4.36,7.41,2.05,17567.2,440649.05
83955.08,6.68,7.98,3.45,41676.72,1853103.96
63246.06,6.74,6.12,4.77,29916.7,1082940.66
50942.99,6.03,6.41,4.46,25470.29,718842.18
57444.92,5.12,8.56,4.02,44948.99,1188051.2
57700.7,5.01,6.82,5.08,34726.17,688307.92
69139.06,7.0,7.02,3.73,23622.13,1184752.19
65664.3,4.48,6.81,4.05,55367.34,1231853.21
64993.04,7.03,8.13,3.39,20176.94,1332482.5
75187.78,5.82,8.17,5.16,35302.72,1368516.4
72205.39,5.89,8.11,4.34,17411.93,1209541.83
71951.44,4.29,7.02,3.29,38849.28,1127262.87
72950.95,5.83,6.11,2.15,29800.0,1083796.51
75149.76,6.59,8.93,5.34,44294.3,1813995.34
46116.43,4.66,7.85,3.06,35990.44,594622.48
64698.82,6.47,6.53,4.07,49567.78,1426896.09
45346.32,6.07,8.43,6.87,31898.09,1013057.96
68967.33,5.34,6.45,4.97,20237.9,985588.76
68533.62,6.83,8.41,5.96,38520.35,1507579.99
79726.28,3.8,8.48,3.32,33656.37,1273385.13
81240.81,6.32,6.06,5.3,18106.85,992035.66
70744.18,7.58,7.58,4.01,25688.35,1500528.91
63250.15,7.41,7.78,4.43,28846.96,1432863.06
73753.85,6.37,9.63,6.47,51600.18,2162288.79
62956.45,5.68,6.24,3.64,43184.4,933466.82
68568.16,5.35,8.44,4.0,32711.73,1179425.95
79093.24,5.68,7.01,2.87,40836.38,1529258.33
62638.27,6.52,5.74,5.07,15921.36,608402.41
77169.92,5.18,6.87,3.29,30556.31,1236707.57
75802.74,6.73,6.99,5.24,40142.88,1672104.88
58406.83,8.09,5.92,1.95,37804.36,1156484.33
78962.76,5.92,7.31,4.65,30809.89,1452824.02
76028.32,4.65,7.96,3.19,35782.79,1198502.18
69669.33,4.65,7.23,4.88,39518.73,1292832.42
60458.16,6.75,6.44,3.96,36070.14,1171506.49
59425.58,5.92,6.84,3.32,44708.46,1107020.99
62852.59,6.85,6.99,3.5,39326.12,1209337.36
74365.97,5.45,7.21,2.93,41237.06,1445559.27
58397.95,6.8,8.11,5.01,53170.03,1717173.47
73246.01,5.82,7.26,2.69,44376.0,1420186.34
55348.37,5.25,5.57,3.65,53442.01,909203.17
66408.04,5.58,6.42,4.4,29494.25,910987.62
69751.63,4.79,7.16,5.96,20358.29,1039170.12
94643.2,7.95,8.13,3.97,34770.71,2077407.97
53903.57,5.88,8.3,3.68,33923.96,1190106.57
84271.73,6.62,8.78,4.32,50647.69,2111578.69
70180.02,5.45,7.12,1.43,24947.31,1046910.36
72965.27,4.94,7.76,2.51,35380.13,1235495.89
69844.35,5.75,5.52,3.52,40184.41,1161520.77
73322.9,7.07,7.42,3.1,37156.52,1541258.75
66945.02,5.46,5.9,2.01,34460.57,1090444.35
84080.27,5.12,6.93,5.04,39721.79,1618438.7
63717.93,6.13,10.05,4.3,46873.04,1626891.48
80650.36,6.47,7.3,4.15,51405.27,1944396.09
61715.34,7.61,6.12,3.13,36488.61,1247466.96
67940.84,6.33,7.4,4.08,28065.73,1243867.25
57158.02,6.62,6.47,4.61,51393.25,1448466.58
73432.64,6.69,6.02,3.65,25467.49,1139538.3
83985.15,4.84,9.11,4.53,53934.5,2034902.38
67758.54,5.03,8.07,3.0,49503.54,1471023.04
66484.59,4.91,7.34,4.1,50945.28,1294729.61
56703.41,4.66,6.59,5.39,42965.5,891334.92
66139.2,6.77,6.68,5.5,15196.54,1015915.17
51607.0,6.27,8.55,5.61,25849.73,871320.46
58853.55,6.06,7.3,4.33,39208.87,1095665.21
71000.09,3.41,3.88,4.02,29457.2,312456.61
82641.04,8.01,9.44,3.43,33033.85,2125340.26
98523.57,5.09,7.17,1.76,42245.12,2010141.04
62331.18,8.01,7.34,2.33,34476.01,1537015.03
83880.43,4.55,8.09,3.77,24064.22,1167483.39
71180.91,5.18,7.46,3.85,44953.16,1354903.45
66971.0,3.8,7.74,5.72,41273.41,1072766.91
73193.59,6.34,6.56,5.6,33691.72,1414261.55
69242.91,4.89,5.75,3.14,43222.32,991628.61
69759.6,4.92,7.27,4.99,37106.34,1046388.9
64230.99,4.62,8.44,3.39,49376.76,1321403.8
53681.95,6.75,6.34,4.82,37663.74,1075491.84
52131.04,6.68,6.25,4.97,49302.98,1165442.02
75545.28,7.77,8.22,5.51,17567.0,1494699.45
65633.93,5.3,6.53,3.37,40720.75,1279808.81
62229.88,6.2,6.58,5.23,32214.22,1049224.44
68673.65,4.7,6.61,1.68,27636.92,898311.53
77055.39,5.65,6.92,5.57,47661.12,1499975.07
70505.32,5.47,5.4,3.95,44987.19,1275550.15
61590.77,6.44,6.45,3.98,16248.72,880755.84
81652.83,6.99,7.22,1.47,43264.29,1875313.96
85413.96,6.96,7.22,3.5,42059.92,1791217.23
73853.98,5.15,8.16,5.65,28986.52,1391325.73
78960.31,6.97,8.85,3.46,27872.61,1827899.57
81819.81,5.94,8.52,4.86,20376.54,1595197.11
80627.6,5.66,7.91,4.02,32813.0,1539512.01
75128.07,5.28,6.84,5.29,34401.44,1244025.9
74960.18,5.43,6.36,4.22,44073.19,1339700.3
74121.54,7.7,7.01,2.83,38836.6,1937499.01
56887.58,6.28,7.58,4.05,25643.41,924307.91
76051.31,6.15,7.82,5.95,38533.83,1480195.7
54132.73,5.72,7.62,4.59,33641.6,917058.97
60114.16,8.4,6.87,3.84,26884.85,1273081.21
82476.4,7.27,7.78,6.75,20387.14,1768336.83
77538.07,5.27,8.26,5.41,42364.17,1460712.27
84435.69,5.71,7.88,4.98,40593.49,1686250.02
65687.49,5.77,6.96,4.37,41688.93,1270701.66
56302.33,6.12,6.15,4.88,28935.17,943776.6
66020.42,5.29,6.12,4.92,37860.97,1092513.87
69670.45,6.41,6.3,1.3,22512.51,1226051.02
69424.86,7.42,7.25,4.47,26371.17,1440157.8
80665.77,4.68,7.52,3.78,36497.79,1362443.55
64732.58,4.86,5.56,3.37,38766.85,951010.91
72334.98,5.5,6.48,3.74,19996.98,824741.31
58046.21,5.55,7.24,2.07,25666.87,664866.73
73382.48,7.96,6.08,1.76,32536.48,1621417.33
68616.13,6.97,7.43,5.51,45676.3,1653969.41
60591.49,6.91,6.68,4.55,28092.96,1186440.32
66069.53,5.72,6.26,1.01,37558.21,1010110.18
66620.05,5.7,7.04,3.27,38598.52,1349254.84
65703.69,4.54,7.39,5.06,33684.81,1050469.83
87461.95,6.75,6.13,3.64,38823.1,1732387.66
67533.76,6.47,6.74,5.51,22814.7,1116605.45
65983.56,7.25,7.46,5.27,29654.31,1417184.62
46228.37,5.77,6.22,2.31,50399.02,785444.86
59052.54,5.84,5.32,3.8,51097.79,1023535.76
65779.16,6.15,5.44,3.43,44528.99,1204548.96
61273.18,6.86,6.57,2.27,47084.39,1323017.15
83309.24,4.52,5.66,2.19,18040.83,756245.85
66825.09,6.71,6.64,2.99,26747.19,1190416.98
82315.24,5.96,8.67,3.19,33075.32,1799431.62
69240.65,4.93,5.6,4.33,60138.25,1412198.43
68979.77,3.92,6.7,5.26,33055.64,912123.75
67636.61,5.84,9.14,4.61,43556.18,1683685.8
68623.46,7.41,7.4,4.9,39918.34,1712011.97
86901.92,7.64,6.62,3.65,39697.53,1948980.27
43860.59,6.33,6.83,4.72,35929.46,560910.79
47250.53,7.92,7.42,3.8,24252.67,1114956.1
62793.89,5.94,8.7,3.44,9353.95,846990.29
68737.84,6.92,6.45,6.31,48885.29,1446482.36
75938.13,5.53,6.22,1.11,30044.26,1048671.06
73625.16,5.47,5.6,1.68,17631.9,1083646.22
64487.71,5.31,7.09,4.45,40509.76,1193618.78
79443.97,3.94,5.57,3.65,40319.48,951618.74
79562.82,7.25,6.52,2.21,43784.33,1698637.15
70544.69,5.34,6.07,2.68,47236.48,1258696.43
78843.0,5.19,8.07,2.84,27042.06,1403243.64
71488.85,4.81,6.48,5.08,27478.81,974586.57
62598.71,5.78,7.39,5.47,32999.87,1017517.85
76020.33,7.73,5.37,6.0,44317.78,1676938.08
69761.91,8.05,7.12,2.03,15294.31,1265949.88
68597.28,4.34,5.77,2.3,37435.45,969886.17
84281.74,5.63,6.56,2.21,45414.31,1637023.41
42461.6,4.96,9.22,5.57,45004.75,873002.59
53473.32,6.96,7.93,4.49,43195.47,1395205.05
55931.2,6.26,6.86,4.08,46713.28,1225292.17
64711.37,5.35,10.22,4.26,8897.21,1014021.79
65869.39,6.05,6.07,3.91,52176.68,1424577.04
52517.92,5.51,8.17,2.6,39442.27,1097636.32
58083.19,7.58,5.44,4.61,49409.41,1438254.66
59408.15,6.52,6.74,3.75,24504.75,1022387.12
94774.23,6.64,5.63,2.5,18756.27,1483783.34
87785.97,3.34,7.25,4.69,53892.8,1381432.56
64194.57,5.91,7.05,3.46,26967.27,1046944.08
64707.93,8.04,6.68,4.26,33077.82,1472653.02
56334.78,7.29,8.09,3.83,41397.99,1438506.22
48246.15,4.15,6.42,5.08,43833.9,278899.57
67337.29,5.67,7.32,4.25,46866.28,1461516.09
57947.89,4.79,7.82,2.89,38380.11,884815.02
67678.66,7.67,5.49,4.38,25698.98,1253780.14
51528.01,6.22,6.23,4.42,43176.33,1126182.88
60461.88,5.22,7.04,4.61,43334.37,1060332.8
70167.07,6.01,7.63,5.25,18148.78,1158130.49
72486.06,3.4,8.43,3.22,50243.45,1318777.41
73032.42,4.91,6.77,4.8,11478.77,839981.55
54509.23,6.02,6.67,1.86,46429.58,1093090.09
77692.24,6.82,6.11,3.83,29869.46,1345564.53
60054.34,4.06,7.32,3.64,43165.18,824859.23
75328.0,5.6,6.69,5.76,41226.68,1554650.98
68469.61,6.98,6.71,3.79,35794.56,1433164.86
53913.46,4.54,6.9,4.73,40640.03,858012.12
65212.96,6.21,7.55,1.81,35305.0,1321835.26
72477.05,6.05,6.42,3.55,43248.96,1496834.62
75115.99,7.68,6.21,2.94,57851.82,1828793.56
67080.35,5.75,7.43,7.02,22851.2,1064778.32
84908.7,5.81,3.93,3.16,4520.65,785508.2
79321.05,6.83,6.38,4.07,32037.43,1629739.88
65847.58,4.67,5.83,4.14,31359.04,1046316.94
76577.8,5.76,8.21,2.02,32415.64,1530857.43
89193.37,5.53,6.54,3.33,26968.09,1374971.61
89477.84,5.84,6.42,4.48,44821.91,1638551.87
55494.98,6.82,6.94,4.09,22453.31,819420.38
58708.01,6.53,6.39,1.15,40636.94,1055479.91
84409.26,5.24,6.58,3.28,42499.77,1241223.6
57303.84,6.12,7.09,5.24,39303.92,1042636.17
54487.36,7.46,6.56,4.7,40997.9,1301563.34
63401.14,5.16,6.56,5.48,45584.48,1122875.35
73061.78,6.12,5.97,2.77,36694.64,1242240.97
67491.66,5.79,5.82,5.56,32724.02,860138.52
61649.29,5.92,7.05,3.93,40990.23,1294107.88
61397.24,4.37,7.3,5.94,42121.63,1032842.74
60990.91,7.38,5.55,3.98,44993.08,1290440.47
59209.19,5.21,7.76,1.46,19167.5,549161.83
92900.64,7.0,7.76,5.02,34341.45,1977077.07
71753.87,5.36,7.97,3.43,25589.22,1236336.93
78034.08,5.36,7.29,3.52,41730.58,1486869.18
63370.41,7.18,7.63,2.19,43375.59,1555412.29
66601.07,6.96,9.2,5.98,33439.45,1687791.66
60977.94,6.19,6.69,3.34,28925.02,1004732.99
40321.09,6.73,5.93,5.92,42087.86,814630.04
53896.18,5.69,5.44,3.45,34840.57,610237.2
49285.43,5.97,8.76,2.84,50320.68,1157806.6
44604.8,5.32,8.78,5.6,53759.56,1181920.84
55842.86,6.88,6.06,3.89,46095.06,1245586.59
82704.38,5.29,6.26,3.9,38472.12,1455869.25
68109.4,7.45,6.66,2.4,54281.83,1743311.34
82337.83,5.67,8.23,3.42,38552.15,1665468.79
72963.25,6.0,5.69,4.51,31407.0,1156671.57
76923.51,6.73,5.0,2.38,29460.25,1259896.49
58981.24,6.0,9.18,3.32,29180.75,1268321.82
74167.27,5.69,7.31,3.46,36099.78,1636306.27
76349.64,5.95,7.45,4.06,40759.14,1463748.19
62437.09,6.86,6.78,5.8,22117.57,1369030.67
74546.58,5.32,7.46,3.61,31707.41,1151323.0
74617.43,5.86,5.46,3.13,38275.55,1258880.32
62725.87,5.99,6.14,7.36,42550.99,1025843.98
56616.53,6.84,7.1,3.45,35905.72,1189096.32
55962.56,5.88,4.7,3.75,38589.74,834805.08
69504.98,7.77,6.68,3.54,23870.67,1359118.21
72068.27,5.83,6.62,3.64,27113.52,1231212.32
60136.26,5.74,6.68,4.08,35558.95,958858.64
68866.35,5.81,6.43,5.11,41230.22,1052947.75
74663.78,4.68,5.98,4.48,38458.69,1160722.83
75171.68,4.95,5.15,5.3,27738.42,894807.17
85122.94,5.45,7.14,5.26,33815.12,1474508.68
82193.06,7.1,6.69,4.24,51168.0,1895371.56
57911.24,5.95,5.6,4.44,41564.76,987300.76
86526.66,5.5,7.05,5.34,34549.86,1479905.71
62923.85,7.19,6.69,2.61,25981.57,1188136.62
79719.25,7.52,6.52,7.05,29082.79,1721059.85
69307.6,7.22,4.81,3.35,36228.41,1426717.38
64190.31,5.14,7.68,3.55,38901.77,1299845.04
49316.57,5.49,5.74,2.49,41776.22,718857.52
66754.47,7.78,7.05,2.53,40013.76,1611285.86
51963.09,6.22,6.17,5.18,32488.4,757007.16
78892.48,5.72,6.6,6.77,31090.28,1281276.22
84748.98,6.69,8.15,3.28,56479.36,2268114.7
60089.52,6.98,7.53,4.41,30640.06,1200471.74
71801.4,5.41,8.13,4.25,23342.84,1225741.32
60851.78,6.2,7.32,5.21,19898.73,837387.06
61884.61,6.9,7.39,6.71,32657.6,1413467.55
76837.56,4.83,5.19,5.85,45492.34,1151516.36
68172.26,5.99,6.67,3.69,30446.72,1242886.72
87124.17,4.88,6.76,4.63,50827.33,1611793.13
63443.37,5.01,8.23,4.75,36090.73,1073407.56
79233.93,5.42,6.48,3.96,47175.36,1642983.85
69621.23,6.45,7.26,2.63,28642.62,1219804.64
77064.4,5.66,7.22,3.0,28796.5,1154329.39
63817.19,5.34,8.16,5.39,37066.63,1115840.5
68054.8,6.03,6.85,5.52,40952.36,1410513.13
67352.01,4.84,7.83,3.72,34386.85,1205401.21
59672.3,6.4,5.27,4.3,39065.72,904303.1
75639.46,7.1,5.36,5.45,42003.72,1433477.28
75513.35,5.9,4.68,1.88,22064.48,970214.92
74909.11,5.78,7.78,3.43,32779.2,1546406.05
84963.98,6.35,7.67,6.46,31015.08,1684570.74
84030.12,3.97,7.9,4.35,31497.04,1366361.5
64586.84,6.51,6.31,2.59,40201.26,1330690.35
72558.99,9.05,6.42,4.12,31152.96,1926836.19
61936.66,5.86,6.87,5.24,16262.6,675015.98
68831.92,5.86,8.45,1.0,33815.55,1321561.84
62190.87,6.72,8.7,4.2,25598.77,1248995.3
85849.71,7.61,7.79,3.52,41089.09,2160329.53
72459.29,6.95,7.32,1.96,44159.54,1641393.0
66259.25,3.85,8.34,4.08,14577.82,735644.73
81304.59,6.54,6.73,3.81,28478.75,1496088.71
45448.58,8.53,6.6,3.95,39670.23,1193088.34
47116.69,6.6,6.86,3.55,22179.91,688423.81
77065.05,4.84,6.0,2.72,43930.91,1359889.47
69227.47,6.26,6.81,2.19,46577.47,1362479.28
71252.26,4.71,5.86,3.13,34554.99,938020.55
54446.27,7.2,8.03,5.04,28481.93,1054544.0
68335.38,5.03,7.54,4.27,13230.62,848934.38
89936.4,6.05,8.43,3.89,44242.2,2018003.41
77367.32,5.13,5.34,2.7,56038.18,1522325.34
70391.73,5.44,8.91,3.52,53984.84,1721415.47
63903.56,7.45,5.4,4.89,34227.89,1143054.35
64377.64,6.08,5.78,4.6,25318.19,858428.83
45890.01,5.43,6.36,3.39,44476.42,909712.07
71328.93,4.85,8.31,1.0,34903.83,1118300.28
77594.16,4.13,7.22,3.15,40908.46,1192611.92
51790.05,4.74,6.74,3.39,39167.81,721200.73
61533.62,6.09,6.19,2.86,37086.06,984209.06
56246.74,6.95,5.6,3.47,46371.0,1194999.82
58294.29,5.43,8.13,4.98,46739.76,1252667.47
69153.01,7.53,7.8,3.93,30975.32,1579950.18
46367.44,5.27,8.36,5.2,27001.11,715748.55
75129.89,5.74,7.39,2.12,11359.28,1026713.28
76617.59,4.91,4.32,3.6,32727.35,757323.44
65906.75,6.96,5.73,1.6,25311.75,1064332.98
42143.61,8.06,7.46,3.46,40323.53,982635.89
57963.17,4.24,6.62,2.69,32829.52,586650.25
81723.27,5.64,6.43,5.56,33905.77,1443664.99
38975.14,7.23,5.88,4.48,44221.76,943224.92
64879.1,4.55,7.95,5.23,40105.75,1367856.12
56006.55,6.54,7.45,3.45,35004.85,1083737.81
77158.11,7.19,7.5,2.73,52900.77,1876868.06
61387.64,6.06,6.35,2.69,43489.13,1207942.47
72888.34,6.52,7.17,4.31,32035.58,1596366.18
74609.68,7.72,5.64,6.21,32478.31,1621129.83
88153.49,7.91,6.86,4.49,43987.67,2005471.99
66420.04,5.92,4.44,3.52,38176.24,915004.06
72590.88,5.45,5.41,3.75,25035.49,989489.5
52755.28,5.07,6.66,3.94,45043.02,965134.1
81270.43,6.95,9.39,6.47,48641.03,2246807.92
60477.5,4.62,5.17,5.5,47888.28,785927.55
62606.48,5.73,5.73,4.3,51474.78,1236760.05
68345.88,6.08,7.21,4.11,56699.79,1711379.52
51925.78,5.48,8.78,4.35,53332.84,1214592.77
71021.23,6.26,7.19,4.59,39544.07,1576363.1
78894.26,8.52,7.7,3.47,34094.35,2058728.33
71705.09,5.86,6.65,2.94,18004.2,920639.32
51648.53,5.55,6.47,5.25,36270.86,867264.32
67263.44,6.99,7.07,4.01,41315.43,1573963.43
76491.54,6.22,6.33,5.15,36595.26,1490083.17
48567.4,7.4,7.72,6.0,17422.41,1038063.86
57128.14,6.14,5.37,4.62,33318.28,807511.57
77925.2,5.73,7.89,4.42,42567.92,1669459.11
71461.68,4.21,7.03,7.92,25980.79,635990.61
72973.79,4.38,6.77,4.23,37807.49,1209841.16
88401.5,4.16,5.33,2.64,40446.9,1356987.62
73576.84,6.36,6.0,3.63,47258.83,1619284.77
75594.77,4.63,8.2,5.89,53160.61,1514405.21
97474.13,7.22,6.78,2.39,32413.08,2102199.41
66304.27,6.01,7.27,3.05,37986.79,1385167.27
60079.17,5.74,6.1,5.34,38297.56,907563.47
73142.45,5.14,6.96,3.65,42608.05,1427827.84
73261.77,6.6,5.6,3.84,41496.73,1427246.63
62969.27,5.18,7.09,5.3,50306.18,1077131.86
57579.71,5.0,7.36,3.1,13024.88,621320.25
93201.32,7.16,7.31,2.17,40311.86,2011228.68
72066.5,6.33,6.08,2.27,41000.55,1190460.68
60778.3,5.75,6.64,4.7,33828.35,1022528.06
78344.99,6.62,7.53,4.3,13692.7,1300596.15
67419.73,5.99,6.78,3.13,35557.61,1347098.5
65887.79,6.36,6.7,2.55,29110.68,1143912.75
74575.7,5.17,8.91,3.65,52816.71,1828583.37
54814.12,8.03,6.03,5.35,39887.77,1301530.88
72341.3,5.41,8.08,2.95,28267.81,1367006.39
88971.27,7.52,5.82,3.16,15790.5,1416024.5
73551.52,5.79,7.65,2.52,42024.88,1529796.08
64573.33,6.78,7.71,3.53,43072.28,1489570.75
63178.27,6.71,6.47,4.4,34021.41,1241637.61
64209.6,7.12,5.76,6.58,42154.48,1332975.22
65876.27,5.15,5.0,4.25,32706.42,716912.67
64556.34,7.04,6.37,3.91,46755.11,1406976.43
78349.05,7.81,7.52,5.04,46015.4,2159520.99
50110.46,5.72,5.9,4.84,19896.67,281173.17
77770.2,6.01,7.09,3.27,22315.72,1341449.23
64536.3,5.46,5.5,6.81,56323.47,1351408.22
72600.51,5.64,6.75,3.95,45415.05,1467411.34
56571.56,7.67,5.83,4.27,23633.87,1153328.94
82743.55,4.99,6.91,4.66,20576.98,1258097.08
81858.98,5.05,6.48,4.41,38225.14,1409210.61
78810.32,7.57,5.79,5.86,24825.52,1388106.29
52438.74,6.6,6.32,3.25,33019.68,931450.18
77419.77,8.08,6.05,4.94,35693.75,1750253.77
72897.95,5.53,5.66,4.18,35265.4,1112610.97
51474.02,6.11,8.08,5.19,47343.89,1152426.73
68324.04,5.33,6.63,3.72,54372.96,1266154.15
72468.21,6.12,4.77,3.55,31409.74,1048315.86
74509.65,4.22,6.36,4.88,24941.21,713890.34
70472.25,6.66,7.91,4.42,40022.3,1544808.9
71686.94,6.3,6.22,2.97,52355.44,1293530.18
84288.75,5.92,8.5,5.64,32161.09,1807153.73
81650.07,5.59,6.12,4.88,44602.81,1625608.92
38025.93,5.09,7.5,3.89,27854.43,408819.09
65199.74,6.7,8.04,3.4,36374.12,1625723.17
66828.15,4.82,7.44,4.43,24630.72,1055835.31
49909.13,6.49,5.6,4.79,36270.51,831563.93
69586.8,8.03,6.04,2.02,35007.18,1476129.2
81892.26,7.45,8.17,4.44,42198.62,1997133.44
57002.36,4.49,6.18,4.78,53810.26,1001655.63
72168.36,5.45,7.98,1.09,32303.21,1297800.21
58822.15,6.4,6.56,4.22,16315.69,826958.12
61421.76,5.91,7.13,4.83,34157.12,1153604.3
84329.06,4.59,5.59,4.69,39133.73,1232182.1
62800.42,6.36,6.38,4.97,38166.86,1273450.53
73509.26,5.97,6.11,3.58,34600.58,1216483.91
48639.56,7.88,7.22,2.7,50928.57,1400859.16
88431.58,5.73,7.08,1.77,37514.93,1582038.83
75006.07,7.14,7.46,5.32,35122.9,1612890.2
66637.92,4.73,6.49,4.84,28444.27,1060333.18
74717.17,4.96,6.05,5.42,18826.9,768061.99
53557.14,6.69,7.17,3.09,39430.63,1175500.48
81186.41,7.05,5.95,4.97,38598.77,1581770.48
65129.97,5.03,8.08,2.13,25649.14,785041.4
66408.03,6.0,6.87,2.91,35722.6,1257227.28
63342.93,4.61,6.66,4.13,34735.27,813574.65
62394.42,5.8,7.46,4.8,29964.83,1101865.34
75986.8,6.81,6.91,6.05,28289.39,1537772.94
71310.46,5.55,5.32,3.68,40183.44,1135209.65
75529.33,5.73,5.92,2.92,33921.82,1241887.32
68489.27,4.86,8.06,2.85,30297.39,1033772.59
74052.68,5.34,7.07,3.13,27610.91,1228904.62
64118.91,7.72,5.29,6.71,34872.9,1218179.98
92347.48,6.05,7.35,4.91,45338.5,1775777.91
51872.0,4.99,6.43,5.35,38213.9,794048.19
82022.07,5.67,6.11,3.69,33809.56,1474531.02
83162.16,4.4,5.83,3.98,39224.77,1375330.46
59500.69,4.98,8.0,4.84,49704.52,1456008.47
92342.6,7.33,5.0,3.36,41030.36,1906951.5
79192.94,5.84,6.14,3.62,38745.49,1459196.92
78933.4,7.85,7.11,3.15,42500.41,2015385.28
68881.66,5.89,8.58,3.43,34594.71,1339175.02
66267.8,5.94,7.55,4.04,37989.87,1141012.42
66351.12,6.61,6.14,2.97,31310.12,1095493.66
72745.28,3.33,8.53,4.33,20773.76,1006363.96
83516.84,6.18,5.62,4.33,39565.65,1441520.77
70515.45,5.93,7.26,3.76,39603.8,1432261.01
58868.83,7.45,7.48,2.96,33307.45,1371566.54
77369.74,6.94,6.1,4.11,46443.52,1685644.61
78400.62,4.86,7.69,3.36,29001.09,1142455.37
75560.36,7.21,6.47,4.04,18582.01,1323210.25
76528.53,5.72,7.69,5.33,29244.13,1337611.5
65695.45,5.08,5.13,2.44,20869.18,766024.97
58681.83,6.18,7.33,6.65,39518.01,1299431.94
59329.79,5.78,6.57,3.89,28698.63,832705.98
51152.23,7.5,8.15,4.49,45936.04,1610742.6
71108.4,6.32,6.95,3.05,45728.7,1549297.37
67693.6,6.18,8.25,5.38,26982.63,1132667.96
63893.61,6.87,7.5,3.83,28142.54,1245489.51
37082.01,7.06,6.86,3.5,41467.31,995059.4
55289.09,6.76,7.79,3.27,45887.91,1270190.85
80528.92,7.39,7.79,3.65,16187.74,1541533.8
61499.42,6.58,7.47,4.49,38958.58,1180134.13
72426.19,6.15,4.67,4.19,14351.91,643942.7
53761.07,7.21,6.0,3.93,30718.98,862815.89
83916.72,5.89,8.39,3.1,47017.54,1793190.39
67047.95,6.01,5.72,3.03,66034.97,1475160.16
71674.25,7.68,7.88,3.41,33792.67,1858758.25
93371.16,7.59,7.7,4.55,23785.37,1960660.45
84745.22,5.97,6.26,4.79,31066.59,1527518.36
65315.62,5.53,4.97,4.96,36818.74,999497.52
62260.46,7.43,6.42,3.98,29510.86,1087226.16
65113.34,6.77,9.09,4.45,26984.13,1357582.69
74017.5,6.29,6.12,3.77,31926.51,1341037.79
67461.52,5.66,6.19,1.84,40089.1,1084313.58
64370.49,6.31,5.98,3.71,34481.62,1151762.95
84220.22,5.96,8.22,3.52,27413.09,1783602.95
67365.75,5.32,6.74,2.7,29512.63,853878.24
93092.02,6.11,6.36,3.28,32055.45,1638560.33
69550.13,6.24,8.42,4.15,26243.69,1335532.81
87610.92,5.61,7.58,2.59,29144.59,1524417.3
72391.31,6.87,6.06,3.11,42551.09,1417126.83
78846.23,7.26,5.75,5.88,33877.06,1467607.94
60860.1,6.94,8.16,2.01,18759.64,1130817.51
59483.63,5.71,7.01,3.75,46335.62,1199791.64
73482.55,6.73,5.43,2.55,40298.94,1459462.89
79119.0,6.06,5.19,3.06,22435.41,1073645.82
69012.05,4.76,5.86,3.74,32536.61,994821.12
54872.62,6.65,5.74,2.77,28301.42,747671.14
54085.37,6.12,4.92,4.69,42881.29,711317.85
53372.58,8.55,5.88,5.64,32474.35,1143857.21
49743.68,7.42,6.06,5.02,35440.72,1023829.03
69749.89,6.68,6.52,5.24,34285.25,1411856.58
80573.72,6.23,8.7,2.28,21472.66,1693005.81
68440.01,6.14,6.72,3.68,50111.56,1498580.08
44491.5,4.99,6.82,4.55,42736.63,742746.29
66549.88,4.26,7.5,5.05,28745.22,1031164.95
66847.89,5.12,6.75,6.14,38067.23,1015857.33
90922.15,5.93,7.39,5.29,45831.12,1918742.06
53052.82,3.9,7.27,5.08,36716.23,914742.44
64419.16,5.44,7.11,7.22,51613.79,1433457.91
86763.98,5.73,9.78,4.1,65122.67,2450787.78
73378.87,5.77,7.91,3.62,34911.24,1517519.06
74586.79,5.32,5.9,4.2,30381.39,935113.6
69804.24,5.64,7.36,2.85,26343.11,1067330.67
72099.54,7.69,6.19,4.06,14193.27,1090639.58
76870.76,6.64,7.44,1.86,48550.84,1833187.84
59955.49,5.43,5.6,3.33,32654.57,729896.76
77941.35,5.91,5.87,3.84,44850.91,1462509.42
53949.53,5.95,7.34,5.15,46846.79,1125033.99
72082.75,5.22,8.0,5.35,25434.37,1018855.02
70488.02,5.22,7.5,2.79,26924.67,1190791.8
62014.55,6.98,7.85,6.53,53479.02,1489121.03
68341.22,5.56,7.37,4.16,35467.6,1157491.11
61947.97,4.9,7.16,4.28,29609.65,738108.89
57160.81,5.94,6.48,1.99,25789.66,702392.24
64814.17,6.1,7.81,3.22,34759.05,1302909.65
56816.69,4.03,8.03,5.27,51128.85,1174895.23
72023.38,5.94,6.93,4.19,42965.97,1275065.22
56325.39,6.84,6.87,4.11,37966.99,1102672.45
76171.25,6.43,8.6,4.26,51929.07,1765602.52
55990.8,8.19,6.97,2.2,50016.07,1502030.46
62547.43,7.22,7.07,3.86,39479.16,1407651.28
61925.98,7.41,7.48,5.71,63715.99,1919295.13
82706.41,8.75,6.89,5.32,33707.33,1768044.93
72103.23,6.73,6.16,3.83,47060.93,1585677.74
66326.34,6.14,7.37,5.9,32262.51,1140449.74
73898.35,6.94,6.95,2.43,45123.77,1545976.15
46124.54,5.43,8.85,2.78,33697.76,887298.79
68123.28,6.09,7.79,6.27,40742.08,1510462.04
89872.51,5.34,6.39,4.69,59885.1,1899153.79
69993.55,6.37,7.73,3.62,45610.13,1485835.45
69306.82,5.33,7.3,3.91,40895.65,1276983.51
74424.95,5.3,8.31,2.99,28474.07,1251211.96
78128.36,6.39,6.46,4.32,38031.17,1565045.58
47294.0,5.84,7.18,4.22,26158.58,766913.94
50652.76,4.07,6.89,4.0,44966.24,792015.98
70824.28,4.54,7.05,2.55,44717.14,1211213.09
60963.85,4.84,6.1,4.31,34380.12,894486.27
82566.57,5.11,7.57,3.33,52673.55,1643147.43
65223.87,6.39,7.41,2.77,51277.74,1719227.02
47964.77,6.2,8.29,5.54,37648.24,942095.06
55068.51,7.03,6.98,6.65,41775.7,1037796.87
39276.95,6.73,6.57,6.37,30322.56,762802.67
66087.69,7.04,7.79,4.78,33461.61,1375228.48
66575.2,6.58,6.19,3.65,25463.77,1073640.75
64059.08,6.19,8.09,3.89,31415.51,1162674.0
80081.69,7.07,8.08,4.48,35126.94,2048662.0
81356.82,6.89,8.26,3.46,19683.86,1776903.59
66767.0,6.35,7.37,5.6,41887.88,1581817.32
45831.43,7.24,6.5,1.48,46307.62,1081702.78
75161.99,3.66,7.1,3.62,36084.42,1137668.35
74502.03,5.69,7.37,4.97,9392.87,984845.87
71880.5,5.68,6.42,2.94,33652.05,1291344.24
79043.61,7.12,8.34,3.68,22333.64,1591975.78
56168.26,7.54,7.58,4.71,30112.53,1395683.67
89992.31,4.54,6.09,5.85,50573.47,1560192.09
58357.42,7.38,8.89,2.39,12000.85,1102964.35
76568.22,4.82,7.09,2.3,28060.6,1087132.58
50599.25,4.85,5.88,2.82,44396.48,702393.42
58668.24,5.75,6.15,2.09,29196.38,764712.12
84744.46,5.66,8.49,2.18,28437.08,1673576.58
65802.33,4.44,8.83,2.78,56334.63,1435246.86
77534.9,6.62,8.01,5.5,39918.49,1829986.15
71108.47,6.65,8.32,3.6,45435.95,1886658.63
67464.36,7.02,8.22,4.02,41072.6,1647133.87
83118.92,5.55,7.55,2.8,37767.85,1821720.17
66060.69,5.94,7.32,4.76,48708.45,1552942.18
49603.89,5.95,7.54,6.29,55073.57,1428225.31
60022.07,7.65,7.73,2.89,19454.09,1185532.09
74457.6,3.17,6.24,6.1,35812.48,676248.05
72798.34,5.03,7.73,4.43,35734.25,1217104.21
51881.29,5.99,8.46,4.0,31902.42,964083.2
60862.96,4.91,6.78,4.47,45900.03,953929.43
62383.01,5.72,6.67,4.46,38712.61,874187.59
64687.83,5.86,7.47,6.26,55273.32,1620818.36
53918.51,5.33,6.33,4.62,47083.14,747126.86
61885.82,6.04,5.66,4.65,49707.67,1272312.37
60817.47,6.6,8.15,3.46,24261.3,1380464.42
76806.0,5.75,6.53,5.01,28162.6,1153670.91
77206.61,5.53,7.01,2.8,28980.36,1308401.01
67028.95,5.82,6.37,4.11,49294.95,1292234.53
64404.64,5.97,8.28,7.53,26563.78,1279607.2
70074.31,4.26,7.85,1.0,26854.0,853907.56
59879.94,6.44,6.75,4.27,25033.55,944190.47
56360.06,5.53,5.8,4.31,63486.8,1314532.41
58562.12,7.23,6.64,3.7,34751.35,1187241.84
61817.16,6.57,7.57,3.73,41422.14,1204861.47
56182.7,7.14,7.18,4.09,24842.37,1166644.14
70310.23,4.98,7.1,3.67,45683.64,1168435.27
76360.31,5.61,7.2,4.25,18559.36,1141642.1
51667.71,4.75,7.76,3.38,26446.4,704829.27
68850.82,5.28,6.95,6.47,28904.11,1061636.36
66238.92,7.22,7.44,3.67,38335.3,1761994.7
72222.8,7.45,5.99,4.68,28291.66,1421307.07
68445.1,4.84,9.57,3.16,51288.68,1600589.85
53090.54,5.53,6.7,5.13,41157.49,964243.04
55128.45,5.9,7.2,4.88,29318.69,910321.28
68896.6,6.56,7.56,4.5,46064.35,1595509.92
79547.75,4.24,6.58,2.72,32259.65,1128952.51
44984.19,4.39,7.0,3.05,30302.92,366193.18
72267.75,6.46,6.99,6.05,45053.97,1587465.01
81261.99,4.05,6.07,3.04,11818.72,688256.83
66952.05,5.54,7.43,4.77,43456.06,1137303.29
74447.06,6.14,5.32,2.82,29085.53,1220377.18
61089.69,6.39,8.76,5.22,29070.52,1228762.53
67310.8,5.84,7.79,3.14,55597.51,1622442.79
51307.3,5.62,7.64,2.8,30890.71,756460.22
43596.99,6.82,5.24,3.1,45650.45,722593.56
78631.0,6.26,6.19,3.3,38934.5,1368869.71
58084.92,5.34,8.39,4.48,39964.19,1261951.05
63727.98,6.02,11.18,4.07,33676.37,1762308.62
53806.3,6.36,8.2,2.63,33158.55,1112942.54
53555.54,7.68,8.04,3.95,51328.28,1528077.56
66730.24,6.76,7.52,2.57,45397.82,1387728.48
60807.17,7.18,6.13,4.77,31203.67,1199388.71
72611.41,5.38,8.0,5.0,25782.68,1154866.3
73406.15,5.46,5.88,3.95,30362.1,950589.4
72002.62,5.75,5.77,4.31,45904.34,1305629.29
71126.01,5.84,5.7,6.14,47861.52,1291894.67
85398.85,4.98,7.98,3.79,41670.82,1517197.31
57204.59,7.23,6.93,2.82,20116.55,836606.9
67997.5,6.85,7.09,4.69,43644.26,1560073.1
80655.21,5.68,6.97,2.59,49101.01,1603292.41
82060.47,6.62,5.85,3.72,37885.55,1599466.05
53429.84,6.2,6.31,3.24,55812.55,1206896.0
65253.92,6.69,6.36,3.12,23052.37,1139823.61
83057.85,4.65,5.57,3.67,42959.71,1206778.76
73998.11,5.84,6.48,5.09,26037.3,1170436.96
70664.11,5.92,5.9,5.34,46669.03,1396663.34
66262.92,6.6,7.57,5.12,42245.64,1422898.55
64492.45,5.36,7.66,4.39,54041.46,1544634.15
71654.84,3.51,5.68,3.66,41122.61,676381.46
65893.2,4.91,6.69,1.08,32153.24,846162.83
68129.2,5.92,8.86,4.43,31289.13,1233376.21
69420.71,6.04,6.0,1.18,33679.99,1056857.22
61356.11,7.65,7.42,1.61,31094.06,1339807.11
74254.43,6.56,7.1,3.78,49533.06,1783092.88
99643.02,6.06,8.09,4.31,48823.71,2261082.71
49643.88,5.95,7.29,3.43,21309.57,604922.7
72036.33,7.07,6.55,5.87,36543.72,1323626.07
60480.89,5.4,7.06,4.55,36783.23,895313.73
74736.96,5.84,7.07,3.67,28408.64,1299609.56
69079.21,4.9,6.9,5.69,40512.63,1248702.75
76702.85,7.38,5.66,5.91,50661.94,1693345.99
81111.55,6.37,8.25,4.61,45014.2,2011141.28
70633.82,5.28,8.07,3.03,49532.65,1434130.37
80648.41,5.87,5.94,3.3,29032.21,1230686.4
43597.47,6.48,6.69,2.2,36525.34,746609.04
85534.04,5.73,6.76,3.93,28563.95,1600973.03
72580.41,5.45,5.82,2.69,38539.34,1170581.03
80070.65,5.33,5.1,3.58,39432.8,1047237.94
55581.56,6.32,6.31,4.3,45689.39,1201302.6
59728.65,5.63,6.63,1.54,49199.41,1351890.32
70138.41,5.53,5.53,2.43,43001.1,1124921.56
68401.41,4.66,7.17,3.36,27625.81,847610.12
71599.95,6.06,8.16,3.92,22742.69,1370694.74
80141.76,5.8,7.84,3.37,41324.2,1863875.58
49769.28,5.66,6.86,3.65,51055.67,1105744.08
78961.96,6.18,5.13,3.11,35916.94,1128094.43
68671.27,6.72,7.71,2.2,21003.62,1319783.05
66411.09,6.67,7.14,3.32,56854.2,1706193.37
52903.85,6.53,7.42,3.72,41020.34,1050303.05
73944.49,5.74,8.95,3.6,37861.58,1736171.3
42853.44,5.42,6.16,4.12,24570.89,388764.15
75493.58,4.95,4.09,4.5,36323.95,1027745.02
52680.14,5.39,5.93,4.82,42980.33,699211.0
69152.75,6.0,7.48,3.2,41155.48,1456807.99
67312.9,5.2,7.02,2.04,29415.12,919088.49
81047.94,6.08,5.76,5.54,35596.63,1421531.4
66678.89,5.02,5.56,4.45,30049.13,951011.7
61184.87,4.34,6.63,2.81,52679.8,900706.82
63183.63,6.79,5.73,4.32,45044.62,1130025.12
82149.38,5.51,7.52,5.29,30958.98,1566196.26
74298.85,5.15,6.57,6.11,24565.94,1031585.74
64472.96,4.9,6.36,4.29,38920.31,1084233.79
66062.95,6.4,6.22,5.28,31271.79,1036913.99
51880.03,7.34,7.26,2.49,32011.31,1102493.96
72723.36,5.58,7.03,3.94,24896.0,1193931.11
49826.88,5.77,7.19,3.57,26124.77,721700.65
76595.65,7.04,7.17,4.4,37777.5,1482838.79
69953.85,4.19,6.92,5.96,33514.23,1241248.42
94023.13,7.93,5.95,4.29,60940.91,2405288.4
56857.76,8.4,6.25,2.83,42060.97,1275119.99
67488.83,3.3,6.59,2.43,24732.43,609894.77
87749.15,5.88,9.08,6.0,20921.81,1734686.26
81280.83,5.27,5.63,4.61,40114.85,1418774.02
61162.77,5.72,6.57,4.53,32224.09,1047733.54
70970.04,5.57,7.09,3.56,49377.89,1441587.91
68604.31,6.78,6.68,4.31,38960.5,1233678.48
71588.09,5.87,8.07,2.77,16486.49,1190347.51
61136.46,5.08,6.68,4.46,26045.21,604812.24
67631.02,5.81,6.75,2.53,29460.83,1206377.11
51550.96,6.49,7.81,3.54,40550.22,1077737.17
70023.15,4.81,8.82,3.19,25714.43,1232253.04
73379.32,4.35,8.41,1.0,37679.71,1226919.62
66159.16,7.95,6.85,3.55,22901.71,1270411.41
51369.79,5.34,6.94,2.87,36224.39,705244.63
79118.77,5.84,7.04,3.72,39835.51,1604420.65
72468.11,5.59,7.14,3.98,50668.49,1463073.17
60845.13,6.52,6.13,6.15,38600.34,1205212.31
65592.36,7.74,7.94,4.35,28056.91,1424805.92
52588.87,6.55,7.2,4.39,50981.08,1246524.96
57654.18,4.48,6.94,4.59,34344.96,758089.77
62851.01,4.61,5.71,5.05,43840.65,897830.68
81675.51,5.59,7.05,4.54,30080.01,1308565.05
61767.17,5.71,5.08,4.33,37063.97,929231.69
75406.4,4.28,6.4,4.85,28210.42,917292.18
62845.63,6.79,6.42,1.0,39361.43,1303508.06
71225.63,4.9,7.28,6.55,44140.99,1309533.59
67076.01,7.46,8.89,5.94,31252.12,1698237.7
77888.04,7.78,7.57,4.25,30694.25,1710197.21
62882.98,5.73,8.45,2.24,39704.42,1253802.14
51822.99,6.41,7.64,5.47,27974.72,980042.35
53854.19,4.76,8.13,3.13,21097.41,609098.73
62914.25,6.6,8.87,4.64,39668.47,1676682.71
55270.52,5.49,6.25,2.4,35094.11,796953.84
72955.04,4.9,6.18,6.72,34884.07,936961.56
63618.84,5.69,7.67,2.21,41334.62,1211994.44
93891.56,5.52,6.99,4.06,42720.95,1735686.44
50062.44,5.66,7.21,1.37,34565.06,920306.54
70753.32,6.92,6.74,3.93,25020.51,1345734.72
56561.28,5.2,6.39,3.46,29825.03,704472.22
63324.33,7.7,8.63,5.38,41968.77,1756761.49
70090.25,4.67,5.88,3.46,37516.8,959908.1
43799.19,7.58,7.68,5.38,30706.64,1088273.51
71107.09,4.97,7.52,2.72,28377.96,1151986.29
88864.19,5.98,5.4,3.63,42294.89,1671312.4
63750.25,5.49,6.15,3.66,33963.1,928372.62
71352.03,5.64,6.32,4.59,43633.71,1241654.58
79506.62,6.77,7.56,4.43,44890.41,1902491.9
66835.58,7.46,6.62,4.87,33058.07,1538538.33
62391.13,7.16,6.9,4.31,45588.25,1571969.4
44328.2,5.58,5.52,4.79,37536.72,681920.06
75414.68,6.16,9.34,2.88,38820.5,1784893.98
67376.85,5.21,7.06,4.46,14439.67,697526.22
57789.82,5.0,7.49,5.96,26526.61,706460.75
69932.27,4.85,6.44,1.91,27064.81,1038440.56
62362.13,5.55,6.33,4.58,33000.35,749689.45
62951.03,6.23,8.92,4.81,37297.93,1592589.57
75044.85,4.09,5.05,5.78,37703.86,809161.9
54318.52,5.93,7.27,4.87,38999.04,1225464.07
79745.29,7.48,5.77,4.1,29364.92,1494429.14
53686.46,7.09,6.58,4.51,43024.78,1257514.32
61519.93,5.4,6.35,3.08,54120.19,1451363.23
89077.76,4.6,5.99,3.5,32656.25,1272500.62
80598.35,6.44,7.03,2.34,29576.09,1466095.67
69623.26,3.69,4.4,5.81,29361.08,429037.1
58558.83,7.08,6.67,4.53,37011.27,1107612.14
62942.02,5.77,6.9,2.85,30944.8,985461.25
69363.97,7.79,5.62,4.31,18989.49,1098605.77
68982.92,4.27,8.52,5.41,21704.74,841102.84
67614.5,6.89,6.39,5.2,46288.39,1458570.97
68254.39,5.88,6.75,2.84,48884.81,1450513.12
66298.19,5.65,6.39,1.0,52041.9,1236134.88
53214.39,4.62,6.91,4.47,38409.07,723889.76
63078.03,6.57,8.31,2.89,26328.26,1395655.68
78331.06,6.65,9.49,4.75,31815.69,1685629.56
53999.29,7.75,7.74,5.15,21360.98,1306921.48
66562.72,6.98,8.09,5.35,20978.82,1227178.21
59846.06,5.39,8.72,6.13,38696.48,1258855.71
69769.77,4.99,7.24,5.5,41512.69,1373889.88
64440.95,4.63,8.58,6.13,55599.86,1609160.13
84329.06,7.44,7.79,5.68,35338.3,1981721.98
73982.16,5.21,7.14,5.78,22686.49,1005356.96
54601.8,7.45,7.34,3.93,34952.94,1153765.78
75736.95,6.5,5.15,2.39,33359.59,1178221.97
60326.76,6.31,7.29,7.03,31287.53,1302162.34
62433.37,5.68,5.43,4.06,39574.71,909138.49
71927.68,6.63,5.35,5.49,24109.36,1099499.67
63341.96,5.96,7.18,3.3,37460.41,1089887.15
78099.06,5.61,5.86,5.17,42629.77,1260659.6
60328.27,6.67,6.98,1.0,50253.9,1411683.09
61986.27,5.84,7.13,3.48,39243.48,1132601.7
61587.4,5.19,7.17,3.86,46515.97,1142086.39
62554.42,6.57,6.08,4.55,31757.33,910579.1
80298.18,5.92,7.9,5.3,33142.92,1569928.0
75284.71,6.46,6.9,2.63,49540.38,1835031.48
86807.58,5.53,7.44,4.79,22550.02,1349959.66
92751.55,4.78,5.78,5.49,32161.83,1476245.52
57597.62,7.7,6.81,6.87,47362.83,1122224.22
69333.53,7.51,8.1,4.85,34067.72,1560204.93
56047.06,6.85,7.97,3.41,33328.4,1025637.97
60295.28,5.6,6.18,2.42,33529.58,1007950.38
61867.58,5.68,6.44,6.23,37325.73,1118473.36
57315.84,7.35,5.99,4.89,46942.38,1190707.55
57371.99,5.63,6.33,3.95,45336.0,1056583.95
67045.22,5.35,5.58,1.99,36276.71,1076423.31
55615.22,7.83,6.85,2.83,47004.96,1573458.23
77558.39,5.93,7.63,4.76,39555.3,1543832.46
58801.58,7.73,6.2,4.42,44689.77,1157558.24
98527.39,4.6,6.9,1.59,25956.43,1422280.2
63772.14,6.49,6.77,4.76,53418.14,1562029.2
69350.56,8.03,8.06,2.05,38348.61,1988725.24
54777.25,6.01,6.37,5.65,8886.03,484429.67
86766.53,5.72,6.41,4.24,52633.81,1735181.41
80514.64,4.82,6.14,3.41,36213.17,1469623.11
71747.53,7.05,5.84,5.2,32237.72,1355218.55
54228.78,5.22,7.52,4.41,30151.6,686151.38
70828.29,5.89,6.85,5.61,40525.06,1342380.96
56630.79,4.76,7.05,4.08,27345.74,783227.3
84168.78,7.52,8.28,4.15,30437.2,1918952.45
77207.4,7.12,8.34,3.63,30675.68,1799884.53
69600.19,5.95,5.33,4.3,33262.45,877774.08
42616.11,4.84,7.64,6.07,31049.56,385891.96
58101.75,7.5,7.22,3.36,44627.18,1373113.3
75913.16,5.62,6.52,4.78,38853.29,1323636.16
81509.91,4.89,7.32,2.9,40063.89,1496507.93
80404.53,4.24,5.25,1.44,42223.23,1172438.89
51615.33,5.34,8.47,4.24,35239.04,1211410.1
71796.94,4.54,7.51,4.44,26036.43,937397.72
79406.36,5.36,6.12,3.84,54079.34,1533224.52
50908.46,6.72,6.4,2.14,45368.78,1000649.63
68498.75,5.61,5.27,4.35,52170.31,1347224.77
71501.61,6.33,6.67,4.31,46430.79,1619761.25
65377.45,5.26,6.5,2.89,31593.81,904869.77
48842.66,6.04,5.65,2.32,12859.32,538742.16
65111.71,7.88,7.77,3.67,23964.22,1343524.58
65094.58,5.63,8.28,4.78,42480.48,1494433.05
67004.84,6.36,6.96,4.49,35153.15,1424160.13
62577.52,4.43,6.68,2.9,31995.99,644498.4
63861.38,7.48,7.43,4.15,11394.63,1148255.5
68159.81,5.51,6.97,5.07,36032.71,906907.27
73298.68,7.02,5.9,2.54,25426.35,1321885.94
65338.42,5.86,6.33,4.06,28973.5,878234.35
64216.96,6.59,6.69,5.63,44600.28,1425674.52
69567.31,6.64,7.24,2.41,25948.77,1344673.98
48109.88,5.53,7.0,5.4,26896.13,729892.96
73667.24,7.06,7.2,5.97,38004.88,1702174.1
68577.0,5.23,5.45,3.71,44821.19,1092925.74
69006.05,6.75,7.66,3.56,32166.14,1385176.67
78822.51,5.59,6.99,5.25,50725.11,1641960.61
47769.89,6.33,9.57,3.75,23472.21,886406.78
47545.88,5.52,6.6,1.09,21731.5,444827.01
71501.2,6.03,7.32,3.86,20885.59,1116784.04
68507.15,4.92,9.85,4.56,19765.08,1113536.61
70396.75,6.23,7.19,4.89,39503.25,1249695.17
63657.65,6.02,6.92,2.9,26458.44,882697.13
75663.68,5.45,5.99,3.65,22166.84,682006.49
78523.06,5.93,8.53,5.18,39932.48,1690264.33
73741.28,6.11,5.82,3.91,44340.7,1417664.01
65803.09,5.37,7.42,2.1,46592.77,1046027.15
46119.25,5.85,6.51,5.5,44850.2,864957.3
76781.52,4.98,6.8,3.72,27050.82,1105927.95
81604.18,8.3,5.55,5.32,38903.2,1680344.85
75452.7,7.03,8.35,2.26,41094.45,1780365.86
59207.77,6.25,6.71,3.83,31449.78,1109271.55
75764.3,7.14,5.76,4.61,37798.16,1391644.01
77754.53,4.02,8.26,3.87,23740.69,1116653.02
85196.86,3.45,6.48,2.52,29934.07,1083817.63
59245.42,5.58,7.33,1.04,39852.99,1009833.24
66169.45,4.62,7.84,5.85,51125.36,1428565.39
76547.43,5.75,7.47,4.29,47591.04,1673745.48
69194.88,6.18,4.77,5.42,42722.02,1121632.35
56674.52,6.89,7.69,5.12,36954.02,1497953.44
73001.98,4.85,6.89,4.71,35416.34,1257207.88
74750.38,6.38,6.66,3.58,21795.57,1036612.67
69520.51,5.99,6.88,4.58,27870.6,1113260.41
70923.34,6.32,5.36,5.74,28194.67,1305963.33
65825.71,5.47,7.18,4.08,41867.49,1136414.85
84338.5,7.35,5.61,6.32,45541.61,1817886.73
58983.42,5.88,6.7,2.14,43473.49,1238852.44
62323.34,7.74,7.15,2.0,47900.96,1679098.41
68700.08,5.2,8.07,5.2,36880.16,1367780.79
77950.89,6.72,6.16,2.97,26407.42,1411641.15
52624.0,5.92,8.46,6.49,35667.42,1095010.01
54617.86,5.66,7.95,5.62,28968.99,846402.49
46864.89,6.61,6.56,5.93,42692.26,998076.54
68931.47,5.68,5.87,5.07,32599.06,998230.28
56664.1,3.34,5.53,2.85,35185.07,335468.49
64484.46,2.95,7.26,1.94,43047.2,963526.4
75631.97,7.24,6.25,5.82,28807.64,1389654.18
61745.44,7.2,8.2,2.14,45730.47,1779611.39
71048.0,7.85,6.3,5.93,22788.11,1370609.2
65392.66,5.96,6.08,4.8,39205.52,1117633.72
75746.39,4.7,7.23,3.89,35260.83,1044886.66
73646.91,5.56,6.3,4.52,44374.37,1562035.6
61208.37,5.99,7.0,4.55,22522.34,905511.74
66785.51,4.98,7.99,3.73,20969.9,728371.4
79707.22,7.61,7.11,5.73,43607.19,2005248.61
72775.61,8.2,7.11,5.69,32283.1,1676599.02
53694.18,6.45,7.2,4.17,35261.79,944131.97
75570.58,5.97,5.28,3.24,29614.99,1199251.12
57023.22,4.7,7.39,5.59,45222.64,744007.38
83637.56,7.51,7.15,1.49,39132.72,1829631.87
79497.85,6.06,7.89,4.53,38551.59,1632474.57
71672.6,5.69,7.6,4.89,24554.52,1272831.81
70258.79,6.46,6.79,2.96,41140.44,1654065.95
66355.13,5.4,8.03,5.18,26315.29,1080710.58
75814.71,6.13,6.69,3.95,29626.86,1357496.5
64631.25,4.55,7.24,3.31,22611.92,1046139.63
71093.7,7.06,6.68,5.16,34609.33,1439621.62
77876.08,5.88,7.46,2.64,46727.9,1711476.73
62595.27,7.13,6.61,5.05,38412.95,1193814.48
62015.62,5.78,8.65,1.54,31777.93,1419986.12
55853.45,5.85,9.03,4.33,37246.28,1166489.61
57237.85,4.78,7.87,4.03,37191.37,977219.33
49095.96,6.73,8.55,3.32,36818.73,1194294.65
76361.52,5.11,5.44,4.46,37923.04,1139521.4
87862.41,5.5,5.55,3.88,25841.06,1227482.14
83774.16,5.98,6.67,5.28,37220.39,1598267.47
51252.19,6.1,7.03,4.67,18742.16,832472.6
76308.5,4.29,6.79,4.54,41876.06,1448659.37
83739.81,5.75,5.33,4.34,25218.21,1170738.4
63714.32,6.77,8.15,3.4,47850.66,1565252.34
69664.23,5.61,9.17,3.61,11894.03,1044228.99
47182.88,5.76,8.28,4.29,52781.67,1450895.86
71425.87,6.14,8.09,3.77,19893.73,1253967.89
57247.58,5.86,7.22,5.35,24253.65,965261.94
70710.71,4.96,6.14,4.09,39131.14,1157288.4
51943.7,5.94,7.06,4.44,42303.75,1228288.49
74368.78,6.96,9.12,2.25,33350.4,1741069.9
79502.26,4.94,6.63,5.14,45022.12,1315237.36
60235.87,5.61,6.53,3.27,28257.2,1035327.96
56465.68,4.61,8.11,2.7,32196.06,946086.95
45604.11,6.91,8.18,6.0,33164.88,1076199.11
65743.56,5.89,6.13,4.84,30819.42,1161582.55
62384.37,5.14,6.73,5.18,16966.28,726680.49
52052.24,6.07,6.48,4.54,35918.18,1020052.47
73411.27,4.79,7.06,3.87,35021.55,1191663.35
63787.22,4.96,8.1,3.64,46863.96,1384740.43
57117.81,4.53,6.18,4.94,23400.0,546058.2
62672.37,4.92,8.09,5.37,29816.88,976142.85
80000.96,7.32,7.09,3.9,48107.65,1906861.1
75009.1,5.25,9.34,6.53,39073.89,1584760.0
67197.18,6.44,7.31,3.74,41615.59,1461671.05
75181.42,5.15,6.89,2.27,40663.33,1280342.13
56210.0,6.73,7.57,1.86,40707.38,1303147.65
68928.0,4.96,6.65,1.9,54236.92,1376665.63
70153.16,6.02,5.18,3.47,37071.54,1119628.83
63575.48,6.03,6.75,3.69,26125.42,1007911.56
73224.11,8.28,6.73,4.82,42503.07,1755660.19
60265.14,6.6,5.38,3.94,30539.97,881223.02
74016.67,5.39,6.92,5.02,35071.88,1098170.08
74464.71,6.66,4.9,4.04,39837.05,1294630.73
37491.91,8.1,6.64,4.0,28011.06,681066.64
81269.28,4.37,7.24,3.27,31098.32,1237071.58
36101.33,5.15,7.09,5.73,40885.8,449184.79
62017.15,5.75,6.57,2.1,30717.7,744836.47
79511.16,5.57,6.9,4.35,45823.85,1797375.76
65201.36,5.65,6.2,3.76,26375.39,871844.75
52956.39,4.69,7.0,4.94,26341.97,719097.68
56925.95,7.37,7.05,3.95,55080.6,1486923.81
79527.76,4.57,6.08,3.99,20975.5,1100059.2
48103.6,5.78,7.26,3.65,35897.84,707814.29
80615.79,7.02,7.25,5.69,54538.98,2029586.55
67995.72,5.95,6.82,3.98,35879.23,1116119.57
55874.45,5.01,9.44,6.4,49529.7,1603040.09
62368.16,4.64,6.85,4.31,42638.81,972078.07
57741.42,5.75,6.71,4.01,36091.52,1044643.97
77815.23,5.23,6.56,3.8,34866.35,1316098.12
76389.22,6.18,6.01,4.67,15128.77,1028641.2
50260.18,4.59,7.68,3.26,32995.82,732519.64
64281.52,6.78,6.3,4.16,38467.77,1394023.24
59383.17,6.09,6.42,3.99,38462.25,1120438.03
82369.23,6.17,6.45,4.38,60636.65,1917810.82
54193.64,7.41,6.0,4.41,38951.51,1166293.39
85680.87,5.55,5.22,4.47,42417.19,1636221.15
68228.14,5.26,6.52,4.1,47725.26,1219502.8
56199.1,5.44,7.87,5.91,41527.48,921061.63
61364.61,5.79,7.19,4.5,35308.96,984147.93
60039.35,5.89,8.57,7.19,35357.22,1155051.71
54998.12,5.16,7.75,4.04,32682.75,792373.46
69593.66,3.98,7.52,5.16,40571.79,1010757.85
55495.88,5.42,8.89,3.09,34472.57,1096909.37
45344.66,6.34,6.89,5.7,42365.49,937815.86
64536.41,6.11,7.05,3.11,26147.81,1079826.05
49368.16,7.17,6.98,4.54,37620.47,998417.62
60566.47,7.92,8.55,3.65,51567.27,1935746.66
58893.78,6.73,6.99,4.54,33933.61,1203888.07
59297.58,7.35,6.34,3.69,54454.79,1648054.95
89909.26,6.74,7.58,3.01,37787.44,2030024.27
69184.23,7.67,6.17,3.65,35602.16,1413315.2
71198.16,7.81,7.53,5.88,37320.44,1843009.34
49650.15,6.92,7.41,4.55,33072.12,1047844.59
61613.06,6.68,6.8,2.39,16505.98,986206.05
70877.7,5.78,7.56,5.33,44898.74,1561590.31
57663.57,5.94,5.49,2.88,57925.68,1158476.7
78261.13,5.65,7.15,4.89,40931.26,1526061.33
55764.66,6.6,6.52,4.66,41535.61,1106139.45
65530.91,5.27,9.88,4.74,34350.77,1326829.16
62336.86,5.79,7.15,6.26,47654.06,1087436.03
70334.33,3.65,6.39,2.96,35773.23,771589.73
61756.66,7.69,5.6,4.73,38815.16,1292929.84
65695.82,5.76,8.31,5.53,20628.23,1206946.7
66066.33,6.43,6.64,3.19,30909.28,1242154.81
60755.9,7.42,6.19,3.06,39808.98,1263719.59
73753.13,6.28,7.33,3.63,45167.08,1536975.53
71123.74,7.41,7.65,4.38,45442.28,1760906.22
67638.55,4.75,7.63,2.25,20489.63,783790.52
63995.18,8.35,7.01,4.66,21496.04,1127926.32
77072.57,7.06,7.15,2.25,41960.56,1575584.07
66069.48,6.19,7.22,5.57,28750.93,1304966.73
65314.22,7.39,7.33,4.61,45041.83,1792476.53
69698.79,4.82,7.42,6.33,19983.58,989616.13
86665.22,5.69,8.1,4.8,35186.28,1725823.93
54297.48,7.41,7.05,3.61,35823.2,1056563.29
76788.13,4.13,6.17,3.0,40931.64,1094204.24
48405.58,6.53,6.84,4.27,25928.74,813421.63
70898.7,6.51,7.75,3.94,16642.87,1282923.67
85370.23,7.93,5.19,5.44,37862.88,1826541.82
73791.23,4.41,5.19,2.84,41387.82,1100724.67
70401.52,7.57,7.92,6.47,46161.99,2033744.16
62609.73,5.43,8.53,5.55,32604.37,1145037.25
68913.9,5.54,5.71,3.73,43861.64,1443226.77
65896.51,4.77,7.09,6.19,40984.3,900695.0
60206.06,4.9,6.59,3.02,49287.87,980961.08
65493.51,6.38,6.73,4.23,35613.27,1246890.77
70697.35,4.88,7.3,2.41,18993.75,960174.7
60406.0,6.71,5.68,6.25,35491.48,1030049.2
59989.65,5.32,5.87,1.95,37040.87,797535.9
54085.53,4.78,6.69,2.21,41306.08,1015902.03
72747.35,5.46,6.84,3.2,20951.13,966062.83
74395.06,6.31,5.85,5.61,33065.96,1163602.55
71052.04,5.71,7.79,5.15,44778.93,1675996.52
78869.79,6.01,6.57,4.13,35129.95,1512518.76
69519.49,6.67,6.56,5.23,33128.59,1415338.41
72761.05,7.05,7.28,3.84,55083.29,1874882.02
71821.3,5.67,6.86,4.5,25543.21,973333.85
67607.37,4.95,7.84,6.01,48402.06,1379914.73
62925.5,6.06,6.05,3.68,46298.9,1045302.87
92181.44,6.45,5.58,3.04,33928.22,1667162.72
63766.11,4.53,6.68,4.56,35836.56,950588.32
61486.08,5.1,7.05,4.89,35801.15,1082219.51
73208.68,5.27,5.74,4.12,37968.83,1116010.47
71267.26,5.77,5.59,5.21,30262.18,1108834.63
53610.73,5.23,7.17,3.73,31913.63,689065.73
80548.5,6.68,6.22,4.14,32637.4,1589808.04
67579.07,4.39,5.52,4.44,32954.27,826326.7
56742.7,4.42,7.96,4.33,33078.74,749538.99
81253.06,5.65,6.35,5.96,13922.81,1127954.73
75251.45,5.81,8.15,4.43,37132.17,1649034.42
55105.51,4.54,7.02,3.61,30927.88,672584.59
87524.21,5.38,7.29,4.63,17634.9,1250451.82
75604.46,5.58,6.78,5.22,32688.74,1295518.17
68474.33,5.59,4.31,4.93,32382.0,874455.35
85531.55,6.13,5.84,4.86,48819.8,1628232.39
70280.8,5.33,6.86,2.14,30811.14,994541.71
68283.69,7.44,7.36,1.0,42790.82,1691565.43
61545.52,6.46,5.18,5.55,49887.41,1269961.83
74784.36,5.18,6.94,4.52,29929.42,1384918.4
73662.63,6.07,5.86,3.95,35691.59,1313274.63
68739.46,6.1,7.23,4.83,53320.27,1462088.32
60163.33,7.18,6.97,6.35,38435.59,1525918.89
69967.79,5.39,7.74,5.72,39872.47,1457800.54
67839.08,6.74,8.07,5.16,32121.0,1248700.34
54370.83,6.02,7.45,2.89,42981.98,1023345.49
52896.42,7.46,7.86,3.05,35769.55,1221125.69
74606.4,7.26,6.64,1.04,17979.38,1363665.81
40852.07,6.18,9.84,4.76,32637.32,761705.46
70772.27,5.72,5.76,5.34,24419.95,934967.65
63487.59,6.48,6.46,5.44,37276.99,1274030.63
82526.29,5.8,7.9,4.81,27063.37,1229561.78
63323.62,7.64,7.75,3.79,40908.43,1666482.87
75611.78,6.06,7.48,3.29,36607.28,1583289.61
64352.69,5.58,7.67,2.96,23776.51,918585.22
69795.33,5.52,4.89,3.78,31274.56,772232.57
76436.2,4.78,8.6,2.78,42322.08,1439772.83
63653.08,6.53,6.78,6.14,47556.83,1138284.34
79204.28,5.17,8.25,2.38,27206.47,1343638.68
57992.17,7.07,4.94,3.74,25270.9,823477.23
71722.77,4.7,7.25,1.6,55526.53,1323298.64
78416.49,6.11,6.42,4.34,36066.05,1526949.67
75617.68,7.12,7.57,3.98,37070.83,1700203.08
89008.47,3.85,7.31,3.54,28824.54,1309800.39
60446.26,7.98,7.36,2.83,38299.06,1454912.42
53884.03,5.56,5.92,3.98,53185.32,1085153.39
57985.38,6.12,6.93,3.31,38687.58,1221457.1
75622.0,6.55,6.81,3.81,46732.76,1609068.47
73889.86,6.7,7.49,6.39,36450.66,1647180.84
69672.85,6.25,7.99,4.19,25981.9,1380442.4
56614.52,6.97,7.14,4.64,29381.88,1131169.41
76756.27,6.49,5.7,3.41,25068.81,1368059.37
55530.1,7.72,7.1,3.02,38324.53,1243971.37
80935.08,6.5,9.63,3.95,48310.1,2082184.27
99037.58,7.92,8.65,7.06,37761.03,2398528.29
72488.64,6.87,3.99,3.63,33108.27,1156613.29
74797.77,4.19,7.05,4.42,28325.83,970640.87
63330.1,8.56,7.93,2.96,39690.8,1675019.48
49289.75,5.41,6.81,1.0,23874.54,709220.47
62159.22,7.46,6.53,3.01,24907.05,1323106.25
56934.92,6.01,6.72,6.91,45097.12,1098933.31
53160.83,7.03,7.55,4.71,33406.48,999595.65
86939.91,5.3,5.83,6.0,33210.77,1555563.45
71491.17,6.6,8.19,3.55,34485.02,1598752.34
72629.71,5.73,6.93,1.08,43367.27,1450988.79
65289.44,7.54,6.05,2.62,37805.61,1370062.36
66740.54,6.41,8.13,4.47,28787.92,1246901.61
78863.18,6.91,5.43,4.27,29145.11,1302984.8
68238.35,3.84,6.43,3.97,34226.53,878785.17
74239.14,5.9,6.41,3.33,39162.53,1304139.96
66493.99,6.39,9.16,5.14,35810.56,1594412.94
64936.33,6.2,6.3,3.36,34927.43,1122170.98
53588.11,6.93,4.81,4.36,36622.36,738030.79
47504.15,5.62,6.4,4.22,35803.47,840616.25
65795.27,6.03,7.45,3.53,28417.7,1212321.55
69185.14,7.15,7.78,2.9,47150.48,1766371.51
54875.43,3.72,9.29,3.45,31376.06,864923.11
68215.57,6.56,8.41,6.28,37445.51,1374773.58
69155.89,5.65,7.18,5.35,15714.17,892206.26
45604.27,5.08,6.09,5.24,34027.4,333601.6
58829.6,6.31,8.63,3.01,25249.58,1156884.23
72923.62,7.2,6.62,2.21,26446.21,1395335.09
72708.27,7.01,6.33,5.33,60203.2,1826889.28
56287.13,5.85,6.57,5.09,38639.54,1088256.72
70271.74,6.85,5.73,4.15,48331.27,1327492.87
79479.82,6.84,6.52,3.52,44651.89,1633549.97
76865.04,5.89,6.75,2.18,45921.69,1588082.02
67567.44,5.29,7.73,5.05,34187.21,1222359.57
63595.31,5.35,6.6,5.44,52106.54,1123915.99
61875.45,6.81,5.71,3.14,44566.37,1348603.26
73569.02,5.94,5.37,3.04,36573.25,1328614.85
70662.42,4.94,7.2,5.51,38776.15,1254429.47
75291.19,4.31,7.06,3.19,34805.93,973774.44
69988.51,6.8,6.43,6.17,36681.47,1393958.27
77309.39,5.44,6.52,3.85,35730.26,1336025.79
69591.17,6.31,7.38,3.5,39949.72,1420034.07
76946.21,7.21,8.39,4.04,53432.24,2217448.71
77864.23,4.68,6.2,3.5,24201.25,963960.77
60008.36,5.94,7.08,5.37,47500.87,1473186.32
49311.8,5.81,7.96,5.07,32508.27,969179.23
85033.55,6.36,6.21,5.32,48764.41,1809866.43
71318.47,7.21,6.97,4.21,32853.55,1568045.08
50310.01,4.66,6.95,3.42,40259.58,868214.44
60975.11,6.54,5.67,3.97,34586.47,1100941.19
76809.64,7.0,7.16,3.46,18986.87,1362805.75
65602.2,5.8,7.02,5.78,53422.35,1378061.56
63125.45,5.84,7.55,5.21,26806.17,945053.8
83513.6,6.39,5.79,3.87,36995.54,1278662.49
57421.01,6.32,7.0,2.84,25717.71,940698.52
60076.28,6.56,8.39,5.88,22893.26,1113846.74
70835.96,6.54,9.09,4.15,34128.97,1599309.94
72744.47,5.01,8.28,3.82,30272.4,1368386.56
73873.02,6.96,5.8,5.89,24562.51,1214369.03
78294.98,7.14,7.45,3.35,35811.33,1904084.1
70699.45,6.16,6.5,3.59,21455.08,1001993.76
73798.85,4.5,7.28,3.7,37408.33,1093318.41
65820.35,5.87,6.21,2.36,34899.28,945461.81
69251.24,6.17,5.26,4.37,11544.97,801510.71
69729.1,4.85,6.64,3.04,30971.13,1097902.56
70875.52,5.62,7.72,3.28,40811.97,1356988.16
76816.73,4.58,7.28,3.11,25607.31,982338.45
74499.74,6.58,7.4,3.26,41242.54,1771554.62
69054.26,6.14,7.21,2.95,40457.34,1249051.62
59959.34,4.35,7.4,4.28,26062.11,813138.58
69304.24,6.33,7.52,3.79,36041.1,1346049.55
68284.39,5.92,6.71,4.04,44351.04,1382536.19
70641.93,6.49,7.07,6.88,27464.51,1388700.89
92100.15,5.59,8.75,3.79,34120.33,1940614.53
63000.63,5.19,7.13,4.72,47579.12,1180873.69
73083.76,5.22,7.03,4.86,27651.0,1256956.21
79970.67,5.45,7.09,3.9,40720.15,1535782.56
69627.5,6.0,6.77,4.32,25452.03,1472610.81
93499.75,6.13,6.55,4.01,34565.45,1579015.74
64553.86,5.79,7.2,4.23,40596.76,1071806.98
72037.14,5.56,6.48,3.26,12298.07,945757.39
60069.33,5.63,6.84,3.37,30859.84,924331.18
64836.45,8.46,6.19,4.0,40424.12,1640940.23
71236.14,5.22,7.1,1.55,38404.5,1131047.99
77602.91,5.43,7.58,5.82,30978.39,1374190.0
71983.91,9.24,6.78,6.64,25200.02,1735198.87
82002.65,6.4,4.96,4.19,42400.51,1418030.77
67570.86,4.61,7.59,4.8,32963.11,1071184.01
65042.75,6.81,7.11,5.31,41575.57,1292617.14
97402.07,5.08,5.99,2.35,39936.71,1709901.67
72784.78,6.88,7.77,5.12,31722.37,1680779.79
60914.77,5.77,5.58,3.46,46808.18,932966.84
61183.54,5.54,8.05,6.8,30264.79,953579.44
58535.92,7.57,6.93,3.75,47978.26,1603850.23
78564.96,6.54,4.7,5.1,49276.83,1365224.6
64699.47,6.94,7.17,3.76,46585.39,1606046.25
69940.43,6.41,6.58,6.68,34370.93,1302459.59
67906.12,5.54,6.43,3.35,61442.76,1453228.98
76379.25,6.59,6.24,5.41,37670.06,1616780.71
59558.4,7.18,6.86,4.75,38555.49,1385393.51
57119.55,6.11,6.5,4.48,35944.04,1009175.7
70973.56,7.76,5.11,4.26,24950.07,997793.45
74988.02,6.82,8.27,3.16,49016.6,1964748.48
72127.13,6.19,6.74,1.0,30481.9,1147279.84
59955.84,6.23,6.25,5.3,45290.14,1152718.61
75803.63,6.12,5.85,3.38,47671.56,1480303.58
60654.93,4.74,7.77,5.42,42150.96,1273368.39
63024.44,5.89,5.68,4.41,29295.2,844902.96
58522.34,6.2,7.13,5.46,32777.8,913738.28
82450.75,5.57,6.4,4.97,9593.02,1171912.3
75334.01,6.31,6.46,1.0,35007.06,1450444.69
75031.02,6.0,5.88,4.74,44129.9,1473058.64
81875.78,6.75,6.36,3.56,33805.76,1714592.69
98560.22,6.64,7.0,5.41,30306.45,2107804.81
50366.07,6.15,7.23,4.71,33207.86,799858.7
60713.38,4.63,6.2,4.72,48225.51,825789.2
62015.81,7.75,6.9,3.65,35623.42,1481212.4
59514.96,5.84,7.89,2.86,54602.82,1410369.51
57098.12,5.9,5.31,3.45,30498.47,698125.53
65389.3,5.64,6.98,1.77,38319.03,1057683.33
55616.44,5.5,6.03,3.25,31861.49,783618.23
72153.88,7.51,5.93,2.18,56752.28,1814085.42
69134.0,7.35,7.25,2.21,37946.58,1543848.09
73709.8,6.42,6.44,4.12,57284.16,1565419.72
73994.37,5.87,5.76,4.64,31993.23,1275795.11
75009.85,6.59,8.33,3.94,51324.22,1925460.76
64603.21,6.05,7.92,3.37,37334.18,1435504.25
91190.15,5.79,5.04,2.81,44466.81,1397735.74
71081.57,6.31,5.5,3.59,24057.37,1015298.48
48732.64,5.54,7.59,2.97,39621.01,820722.23
57899.68,6.23,6.7,3.9,25551.98,885960.19
50032.72,6.18,8.51,2.11,38714.68,1215317.09
68767.75,6.58,7.61,4.84,21092.98,1255558.91
67284.8,5.37,7.29,3.28,35229.23,1162003.1
63590.52,6.68,5.96,4.44,47036.95,1317426.64
90015.45,5.08,7.49,5.07,41597.47,1571221.99
74434.06,5.41,5.7,4.38,23916.05,867496.02
76321.76,5.46,8.31,4.96,17321.52,1337196.82
58659.62,4.92,7.42,1.44,41095.17,950327.46
57934.11,6.99,6.16,3.37,51856.4,1453044.37
68975.27,5.02,7.8,5.34,26595.84,1158521.12
70426.91,5.29,9.25,4.61,56979.74,1875931.58
48798.43,7.22,6.77,6.25,36098.55,1057302.98
66661.29,5.42,7.55,6.08,16722.97,867679.03
68732.98,5.79,6.55,4.35,20671.26,937461.45
66289.94,4.98,7.08,3.67,43804.75,1243983.67
59913.88,6.8,5.47,2.8,37448.96,834830.67
62832.63,6.82,6.99,3.39,50874.04,1627962.46
66698.03,6.71,7.03,3.48,24271.61,1120463.8
69550.75,6.51,8.81,3.25,37339.06,1604837.97
75028.87,6.05,5.18,2.85,36230.1,1187445.75
80102.77,5.46,6.71,4.47,34743.58,1371265.22
65445.84,5.17,8.29,6.07,32365.62,1042749.46
63721.29,7.26,6.75,5.13,32563.21,1306098.69
73247.53,6.74,6.82,3.58,37896.36,1555802.59
75093.39,5.29,6.15,5.23,39166.12,1036716.69
63955.29,6.02,6.05,4.41,38669.79,968808.34
77007.01,5.68,5.15,3.93,48132.43,1446466.65
79023.42,4.86,6.35,3.85,24240.31,1120860.68
82349.79,6.16,5.99,3.73,18182.04,1226532.06
87536.34,5.57,7.11,4.78,46256.38,1709450.92
59348.74,5.04,6.19,4.15,26798.51,747065.67
68731.13,4.52,6.51,3.08,32396.7,791821.98
68703.2,4.43,6.53,3.02,30087.91,852162.69
67537.73,5.61,6.94,4.36,29875.39,953668.87
61663.16,5.9,6.46,4.51,21689.73,805069.11
52749.88,5.11,5.92,3.59,30510.44,464382.0
69570.78,6.62,7.08,2.59,42607.61,1575179.77
60393.87,5.92,8.07,5.52,36123.98,1259060.65
69499.52,6.55,7.12,5.26,41170.23,1419106.05
60120.08,5.8,6.37,1.54,31239.39,1008949.74
56862.84,5.2,6.87,5.63,45123.75,917399.2
71080.15,6.09,4.92,3.72,31117.51,1006337.51
70191.52,4.73,6.85,4.21,15235.57,701065.4
74756.99,6.51,6.59,5.38,39305.49,1564157.48
91879.94,5.05,6.05,6.01,43779.29,1686563.16
71538.35,6.89,6.23,5.21,30612.55,1436525.51
73753.0,5.64,6.58,4.28,48065.12,1463268.23
57098.35,7.03,7.99,2.29,27719.88,887020.61
54867.14,4.87,8.09,1.49,42819.96,976934.04
85452.8,5.31,6.05,5.06,53479.9,1828399.66
58740.55,6.36,6.47,5.63,36527.56,1031229.1
57456.64,7.14,6.49,2.98,33915.16,929364.53
68166.28,7.63,7.81,3.65,35114.21,1657207.5
67621.73,6.02,7.14,3.29,52323.83,1567977.29
58964.09,7.8,7.08,3.26,40160.62,1356913.78
65332.6,5.69,7.53,5.3,57444.21,1518931.76
81685.69,7.07,6.39,4.25,38934.57,1612345.48
59992.72,5.05,8.37,3.7,29674.07,1050977.16
53729.24,6.4,6.99,7.25,30371.69,942118.97
78629.16,3.66,6.13,2.22,36774.45,886297.5
73829.9,4.87,6.76,4.65,15902.87,862849.19
61969.51,6.44,8.23,2.69,31448.73,1204854.96
51720.26,4.68,6.56,3.79,31668.98,716952.56
60646.8,6.4,7.95,4.16,38542.91,1409359.46
67999.96,6.88,6.36,5.02,55435.55,1608556.07
81006.73,5.48,6.22,3.66,36707.05,1374605.83
57535.11,5.02,7.66,3.53,17080.61,764285.75
67682.19,5.51,6.11,3.64,27092.47,907523.45
75778.69,5.02,7.82,2.65,38766.21,1479000.74
43203.45,5.88,7.35,4.76,37085.97,912608.31
79601.09,6.08,6.11,4.33,52285.72,1610324.54
55980.44,5.68,6.92,4.52,45691.77,1249010.04
72121.41,7.64,6.44,3.89,45394.4,1823581.93
71212.15,5.27,7.34,3.74,34007.95,1241893.37
80142.52,7.36,8.9,5.43,47071.78,2099756.58
74454.75,4.95,6.62,5.24,27270.96,1070765.13
43245.84,6.05,7.53,5.72,45773.32,926478.5
60218.82,7.15,7.01,4.44,33359.99,1162195.69
70055.99,7.1,7.01,5.64,21791.67,1324925.6
66504.9,5.56,6.82,3.47,42050.87,1120257.2
73673.38,6.53,6.12,3.73,50033.62,1537935.66
76996.07,6.4,7.33,5.45,32127.48,1468016.47
75067.88,5.45,6.7,5.02,51673.41,1385669.52
66299.26,6.59,6.08,3.62,19727.79,1022216.63
48904.74,7.82,8.01,2.69,24284.83,1065340.9
63728.48,6.45,7.09,3.73,34706.74,1359197.27
73020.65,6.54,6.76,3.14,32483.17,1344414.17
56961.01,6.65,8.34,6.1,29541.7,1156041.83
75311.13,4.53,5.14,4.91,37489.75,880910.16
78264.66,6.44,8.28,3.04,30916.74,1629181.31
69935.15,4.97,6.1,2.69,32600.18,970295.0
35929.23,5.4,7.2,3.02,38926.37,609683.7
54961.13,8.12,6.4,3.29,29537.7,1157622.54
88686.0,5.73,6.06,3.77,35110.77,1737910.21
62758.0,5.25,8.32,5.35,29756.02,1135809.97
47436.0,7.12,8.86,2.79,24197.22,945322.31
81748.27,5.04,6.77,6.8,43742.74,1384695.87
68725.34,5.54,7.33,2.82,53112.86,1547633.68
80359.46,7.22,7.05,2.25,46728.88,1785110.17
71534.83,6.02,8.74,6.06,39455.28,1666021.81
73470.32,4.43,4.86,5.61,29795.83,855662.04
72451.95,6.52,7.37,3.76,33315.33,1533764.82
76016.83,5.59,6.26,4.45,46653.94,1347238.85
92855.85,7.5,4.61,4.48,13519.24,1498449.08
78931.99,5.38,6.63,4.15,32557.64,1325198.13
51739.74,7.02,8.86,2.39,43449.1,1349900.65
73343.52,7.74,6.33,1.0,24865.57,1382366.1
80748.9,5.14,7.79,2.94,40365.13,1596910.78
81401.39,5.79,8.2,6.21,39904.62,1654759.87
64036.24,6.36,6.98,6.26,21728.75,1047930.3
80998.98,5.13,7.11,3.66,37026.26,1567126.07
78470.88,6.25,5.26,2.8,30034.86,1312966.43
96000.89,5.76,6.27,4.32,40292.78,1804209.47
60589.48,5.74,7.91,4.52,42810.65,1293582.21
63175.12,6.03,7.05,4.72,40122.47,1175040.14
65320.38,6.05,7.36,1.0,36883.48,1206861.83
63358.21,6.14,7.12,7.86,39030.05,1097914.11
59097.16,5.39,9.2,5.37,24490.55,1087761.95
39138.4,5.43,6.56,3.74,35857.79,554419.16
63949.97,5.86,8.61,3.1,28257.9,1217165.63
72519.62,5.94,7.12,5.19,46401.02,1432404.29
63326.24,5.55,8.7,4.59,42944.14,1403358.91
89210.29,6.3,5.75,4.09,42915.98,1849907.09
68725.56,4.18,7.18,4.54,53169.4,1348540.14
82342.79,5.26,6.59,3.84,32887.97,1343314.5
71369.22,5.7,7.13,4.47,30714.1,1422458.02
77390.85,5.13,8.22,4.87,32653.49,1687413.96
71559.16,7.59,7.37,4.4,20260.8,1354171.03
83171.51,6.0,8.22,4.34,21041.44,1481211.31
69179.2,6.16,6.31,5.69,42327.45,1393911.89
73870.65,5.5,6.16,2.02,22316.23,894820.09
72487.38,5.96,7.01,3.0,25494.49,1271327.42
65510.45,4.78,6.95,4.01,35153.43,994414.06
72899.3,5.81,6.8,3.08,32071.64,1282720.35
92397.09,5.05,6.02,3.49,44953.1,1584257.65
65701.11,5.71,8.2,5.56,36763.08,1242670.72
73053.66,3.45,6.62,3.8,28238.2,583982.75
81988.41,4.86,8.43,1.73,45806.46,1837890.94
80735.82,7.43,7.0,3.46,43396.25,1970989.38
68707.87,6.8,7.64,4.05,22158.99,1339723.31
43180.84,7.29,7.55,4.03,38666.75,1077407.54
74090.02,7.35,6.16,4.66,29065.86,1173216.85
44927.84,6.65,7.36,4.56,28804.23,728084.54
84249.59,5.53,8.94,3.81,54717.93,2024575.23
70389.25,4.95,7.24,2.51,37396.39,1076036.48
79237.53,7.12,7.9,3.44,34003.93,1590448.62
58968.3,6.04,7.69,3.21,37006.14,1070018.67
52036.38,8.45,7.3,3.63,44839.83,1490599.36
71362.12,5.62,7.18,4.83,29199.58,1192334.98
68224.85,7.93,7.54,4.48,30894.31,1659632.44
63344.16,5.82,7.76,4.99,42680.46,1531539.2
69485.32,7.3,5.62,3.51,21112.84,1176001.78
98078.33,7.66,7.24,5.84,45996.41,2344310.35
77477.37,4.97,6.8,4.81,20231.59,1210067.11
79768.56,5.5,6.59,4.12,33723.76,1186238.43
77577.68,4.96,8.3,4.72,20294.58,1005792.98
84351.11,4.76,6.25,3.15,25679.7,1066547.91
66557.22,6.64,5.58,1.39,49042.34,1431049.62
46683.35,5.79,7.79,3.23,46529.24,1035500.63
66573.05,6.03,5.56,4.9,47589.87,1121083.96
77234.48,6.53,5.04,4.08,21781.79,1015361.58
58246.87,4.14,7.91,3.81,25731.27,572655.22
66703.29,7.25,7.15,2.94,39536.24,1380240.68
61210.12,5.63,7.47,1.57,43262.53,1367719.13
84591.63,6.51,6.54,5.73,28227.83,1513195.62
76570.71,6.59,5.59,3.72,30417.21,1458573.19
75527.12,7.34,5.79,3.45,24934.37,1232413.13
75208.03,5.88,6.72,3.15,52621.08,1656746.49
68186.0,3.88,5.7,5.52,31449.06,712461.38
70688.55,6.04,7.3,5.06,36473.58,1455440.9
55951.3,6.18,6.52,2.79,36993.17,1006782.52
45279.9,4.96,7.18,5.41,47136.28,890406.24
70182.56,6.13,7.15,3.8,26709.77,1256401.24
72036.09,5.62,7.38,3.23,47757.99,1396189.21
81471.34,4.65,7.49,3.62,23471.7,1267758.97
85330.3,6.64,6.64,3.02,47732.77,1857517.86
85316.04,5.42,7.18,2.36,19138.65,1218061.07
57946.06,5.58,7.23,4.93,35125.29,1058080.29
64828.56,5.52,4.54,3.71,52295.46,1149240.11
73702.4,7.2,7.64,4.74,43083.27,1716715.93
95568.04,5.94,7.14,4.33,40343.83,1889048.49
84357.9,6.06,7.56,4.65,25757.48,1393977.97
80513.53,5.54,5.69,1.46,28870.1,996445.81
64449.96,6.44,6.67,2.91,49506.13,1390962.58
59169.86,7.32,5.89,4.68,40850.97,1302069.95
76991.18,6.62,7.74,2.41,44998.72,1718430.77
56852.15,6.66,5.57,4.44,36895.4,1108889.21
66041.75,6.58,6.05,2.27,33366.82,1129737.99
67359.7,4.61,7.53,4.0,43772.12,1178711.27
85560.26,5.11,6.35,5.96,38737.08,1428042.49
64802.64,5.78,6.05,4.93,34476.15,1113607.21
42585.48,5.26,7.91,1.7,22128.98,387690.86
73959.37,4.93,7.95,5.02,45630.54,1460812.22
61132.83,4.13,7.72,6.22,40530.26,909739.06
69037.36,4.65,7.85,7.42,30145.85,1024369.72
67658.9,5.73,6.76,4.56,47867.08,1360487.65
65665.86,5.91,6.78,2.3,38582.84,1189715.27
77006.45,5.19,6.34,4.51,38777.23,1386389.6
52245.73,6.06,7.16,5.94,44935.66,1087067.47
63072.66,5.55,6.46,3.75,42799.91,1169511.34
75873.48,7.06,6.55,5.26,39077.72,1612897.25
62038.08,5.82,7.6,2.95,34291.29,1283968.77
51436.34,6.67,8.19,4.44,55850.87,1428186.14
75708.46,6.18,7.39,1.0,28880.03,1354818.64
80552.94,4.59,8.8,2.81,43566.77,1702590.1
68103.44,5.89,6.28,3.97,35330.7,1111428.59
47684.31,4.76,5.13,3.53,40676.03,508568.99
76107.23,5.87,7.71,2.38,48404.73,1915801.18
50891.91,5.24,6.21,3.37,33070.58,524782.57
71874.18,6.36,6.71,4.39,42136.23,1611687.45
59124.41,4.65,5.2,3.87,38798.66,618859.61
56221.43,5.99,6.08,4.05,29798.08,930683.21
63873.12,6.55,5.47,4.88,48649.63,1334884.88
66629.41,6.88,6.55,3.56,43221.54,1485769.71
61717.03,5.22,6.59,5.65,31850.09,870883.75
74857.4,6.0,7.08,2.76,47116.17,1554924.48
63828.79,6.16,8.24,6.35,27911.16,1156403.29
79029.87,7.51,7.67,5.35,35875.83,1826554.89
71579.74,4.51,5.35,3.54,31902.95,807461.05
61148.44,5.08,7.6,3.62,43619.77,1166367.11
59353.81,8.76,7.1,4.23,31402.14,1325542.69
51023.98,5.71,6.89,4.72,43690.94,952279.21
71681.63,4.11,6.97,5.33,42063.02,1243775.24
64803.81,5.4,7.2,2.33,32438.65,1150703.99
43300.14,3.24,6.29,4.52,54322.95,468948.57
62873.35,6.22,6.81,1.38,28766.55,1298858.69
58979.78,6.78,8.19,3.76,22178.54,1067710.09
85376.57,5.08,6.28,5.77,44659.78,1518925.81
50434.79,5.51,5.95,2.24,14830.13,200475.63
53221.08,6.89,6.93,2.01,50969.28,1259516.1
80413.06,4.25,5.85,4.25,37172.91,1293345.88
83043.38,4.67,5.25,5.69,22000.17,904151.93
60642.97,5.75,6.64,4.38,26749.49,722601.58
61846.23,5.24,8.45,1.64,19944.67,1013996.21
75150.84,5.69,6.95,1.91,39963.11,1447908.69
43780.77,4.73,7.17,4.1,22993.38,434422.84
48746.4,6.19,4.84,2.53,41146.23,655908.08
65590.94,5.83,7.43,4.15,33137.62,1086811.38
85101.73,6.52,7.08,4.22,31445.01,1634012.9
63938.99,6.18,6.32,3.38,41218.26,1249240.34
69658.78,6.18,7.17,6.21,42351.35,1438946.08
80666.93,4.55,7.16,4.71,47535.09,1527073.46
91038.18,6.47,5.92,5.47,29872.75,1554307.49
62434.95,5.65,7.33,5.11,35867.14,1163493.94
68403.55,5.82,8.2,3.8,29857.38,1287657.82
88002.46,7.02,6.76,3.74,37780.65,1780692.82
52359.4,5.27,6.11,3.61,28438.47,590809.24
79534.96,7.32,6.81,4.82,31953.84,1600072.03
57729.79,7.41,7.85,3.18,32004.42,1370654.76
69675.15,6.73,5.75,6.1,39074.61,1399135.01
65997.17,5.01,7.57,3.06,36192.33,1172449.04
58372.51,3.82,6.31,4.24,41188.04,523166.53
58105.1,7.05,7.23,3.7,35101.06,1134050.89
71529.02,6.09,6.42,3.43,30408.95,1127043.84
79193.46,5.24,6.42,6.65,38061.48,1260834.36
67200.27,7.14,8.53,3.44,27059.95,1422147.62
69330.27,5.13,5.57,3.61,41811.89,1147668.95
74670.57,5.56,7.48,3.16,33329.76,1414243.85
58227.49,6.5,8.74,4.03,38192.86,1332168.43
76466.64,4.88,7.68,3.86,38346.74,1432886.55
77315.56,5.87,5.65,2.6,52058.34,1544670.67
96332.45,7.06,5.7,3.46,39950.22,1936166.12
64574.48,6.19,6.23,4.73,36889.7,1250882.68
63700.76,7.21,7.15,5.24,29291.22,1217260.87
76778.64,7.1,7.22,4.01,44126.67,1782158.24
77313.01,5.99,5.71,4.05,33481.21,1154247.5
62880.04,3.67,6.11,3.54,21022.61,326577.04
64286.09,4.89,6.17,3.36,34226.75,728702.0
74350.37,6.74,6.81,2.85,38063.54,1420798.66
59762.61,4.45,8.99,2.07,28039.33,950922.6
64207.53,5.66,6.05,3.12,34990.06,955323.23
69537.88,6.32,6.0,5.09,35453.53,1187775.91
79197.71,7.43,5.85,3.46,35608.11,1555196.75
62139.19,5.41,7.63,3.55,48416.82,1476540.07
48946.87,5.34,6.95,3.53,23145.79,423210.95
48155.9,5.93,6.08,5.51,56348.49,895768.99
55160.18,6.33,6.62,2.84,35837.11,898991.36
54587.26,5.83,6.19,4.32,41921.6,925373.37
66935.16,7.02,7.29,3.9,37431.77,1509604.42
55911.92,5.19,9.7,4.06,19032.22,997933.39
61093.04,6.1,7.55,4.28,25676.47,1129834.65
60332.79,6.42,6.9,4.05,30959.56,1061368.97
63888.07,5.58,6.32,4.96,46025.67,1132519.97
82678.25,6.81,5.63,3.94,22423.61,1495928.96
75638.04,6.13,7.73,6.13,27669.81,1131782.13
68754.91,6.76,7.68,4.03,37799.14,1514427.19
63669.38,6.17,6.52,1.88,40856.1,1245198.75
63965.61,6.35,8.22,4.77,40557.0,1635128.27
72076.12,5.35,7.01,4.46,26396.75,929391.96
74809.07,5.36,7.77,4.02,20302.94,1111589.95
58909.61,7.19,7.29,3.66,41513.17,1239738.01
68971.81,6.61,6.81,1.38,50386.76,1387247.34
46930.0,4.97,6.03,1.59,32735.88,439841.75
70839.45,6.16,6.84,6.01,24801.99,1243295.74
76705.99,3.63,7.84,3.26,31896.44,1214602.31
65598.03,5.41,6.48,5.17,40074.07,1056918.16
87943.54,6.93,7.43,2.01,33849.05,1920682.52
59190.76,5.86,5.9,2.69,50129.4,1101293.87
70900.48,6.1,7.78,4.81,45343.33,1630036.29
68201.18,2.99,7.31,3.85,37992.56,951215.51
67514.03,5.59,5.78,4.64,16766.35,720269.94
67364.55,6.31,6.76,3.96,29292.28,1272004.95
69724.53,6.44,7.93,3.72,30723.88,1277905.54
77620.54,6.93,5.72,3.14,28752.84,1414004.82
83266.91,5.77,5.91,2.51,38056.9,1545749.35
68559.02,5.82,6.92,5.71,38261.56,1360919.55
77272.64,4.66,9.14,5.91,19547.81,1134842.17
61103.57,5.78,6.31,2.7,44148.64,1088379.67
76746.55,4.73,7.49,2.62,36323.03,1328631.72
60461.69,4.15,7.25,3.55,39712.59,922277.35
80207.25,4.91,6.39,4.4,43555.4,1393752.12
92144.01,7.47,7.15,3.76,28550.83,2065683.24
67281.83,5.71,6.54,4.59,48657.64,1202466.38
45214.87,6.2,6.63,3.92,34755.7,711290.42
62741.64,5.47,5.31,3.84,51175.03,913052.83
81712.33,4.21,6.97,6.95,27290.72,1190904.15
74477.69,6.91,7.9,3.33,50437.6,1927992.44
71235.92,3.83,7.05,6.0,27190.96,1182625.96
79333.39,5.43,8.09,5.76,61459.65,2034685.87
73746.3,5.93,7.58,4.6,26716.05,1332406.79
81561.52,6.21,6.93,1.61,46649.62,1755749.12
78382.22,5.26,6.36,4.02,32566.24,1196786.3
84801.28,4.16,6.5,3.35,43259.6,1377360.71
72407.05,5.19,5.5,4.0,35760.79,1060190.4
78231.25,5.24,6.72,2.67,25332.54,956254.2
65309.64,5.21,7.14,4.91,8404.46,689842.41
62172.63,6.94,8.72,5.19,61050.76,1890135.86
86773.73,4.78,7.52,5.42,36887.77,1716837.45
70887.31,6.28,6.12,3.51,6948.46,801101.12
77161.42,6.14,5.54,2.68,39166.39,1266279.48
69901.82,6.93,6.78,4.41,43007.15,1558470.56
62331.92,5.85,7.81,6.14,29065.82,1116631.77
68700.06,6.76,6.77,4.07,29132.58,1251733.42
83887.82,5.81,7.54,4.54,35966.07,1506036.04
74500.75,6.41,6.81,3.69,48098.75,1608202.42
50342.12,4.49,7.71,3.36,37155.1,675427.06
66288.92,3.37,5.38,4.79,50685.51,794292.73
87578.69,6.35,8.61,3.85,47390.35,2178580.1
66304.35,6.41,5.87,4.48,33892.31,1050872.8
49393.5,6.45,7.79,4.6,20575.55,772602.19
88759.12,5.46,6.72,4.41,33913.29,1603675.57
75855.94,7.45,6.87,4.67,41388.34,1705829.6
67836.8,5.52,6.75,2.93,36757.44,1414575.66
64624.43,6.4,7.25,2.86,42459.67,1400167.69
80118.71,6.57,7.45,3.93,44732.44,1674535.88
62806.54,7.68,8.06,3.96,41431.77,1549032.16
80821.12,5.67,8.41,3.34,33430.36,1515660.46
74361.72,5.33,7.33,4.28,41322.84,1323407.24
71190.82,4.5,8.72,5.1,58350.18,1685386.02
70133.9,7.52,7.08,5.44,21375.95,1232742.19
66718.19,6.4,8.08,5.72,40999.33,1473485.49
79727.43,6.43,7.42,2.36,54345.63,2020260.93
59360.18,9.07,6.44,2.55,24505.19,1274974.41
51296.52,6.3,7.17,3.62,46098.92,1188392.72
75131.7,4.69,7.5,4.08,47425.07,1262148.45
75310.74,5.79,6.96,3.69,21505.3,1115942.46
73701.41,5.01,7.41,3.3,43233.19,1287487.41
72928.57,5.59,7.86,3.61,33470.19,1391558.96
65166.68,5.58,6.97,4.57,35563.08,1014856.27
76975.99,5.4,4.02,2.34,32937.82,1143910.71
68097.44,4.6,8.69,6.86,49191.44,1279105.3
63391.34,7.56,6.69,4.01,35050.2,1474658.93
65258.86,6.28,6.16,5.27,31564.61,1164433.11
90118.98,5.76,5.85,3.27,31732.72,1517427.51
50091.62,6.73,6.65,4.69,32778.67,907418.46
73909.74,6.45,6.42,4.1,25448.61,1412272.66
50687.04,6.25,6.25,5.03,31477.07,1015350.75
67429.45,6.66,6.3,3.74,37330.87,1266439.57
63961.4,6.11,7.53,5.89,40176.49,1336871.19
46360.77,6.64,9.04,2.14,48113.09,1270695.9
72729.36,6.73,7.82,5.15,38554.72,1502539.7
64532.55,6.14,8.12,4.13,31453.89,1320420.92
46209.66,5.76,6.61,2.73,26128.43,573652.94
77531.12,7.5,7.1,6.38,39085.78,1610825.63
83877.3,5.51,7.42,6.25,34998.1,1605026.92
84464.75,6.37,6.32,1.43,35326.15,1600599.31
72408.76,6.39,6.56,4.2,38768.61,1344683.95
69073.89,5.38,7.85,4.85,41317.94,1298418.95
82738.49,5.18,8.09,4.52,38840.12,1659621.51
86513.84,5.63,7.06,5.84,34470.61,1743854.19
80664.58,5.49,5.78,5.59,28209.29,1223196.45
58548.09,4.54,6.69,4.31,30081.11,765165.83
70728.93,5.34,5.53,6.78,44581.98,1082173.04
73267.36,6.24,7.07,5.13,31958.91,1318417.65
49296.1,7.23,7.25,3.55,22803.53,946660.23
73585.45,6.53,6.72,3.3,47671.78,1469269.21
92808.55,3.41,7.23,5.51,26809.89,1278610.82
75403.44,6.61,7.41,3.0,36512.83,1622015.54
84286.64,5.43,7.25,3.48,41037.79,1615302.81
70532.51,6.43,5.78,3.69,36194.94,1266772.02
67802.64,5.97,6.73,4.42,11567.48,850405.85
72646.59,5.79,7.4,3.74,40038.59,1370343.36
59887.92,5.88,8.58,2.36,49328.15,1336897.63
58311.08,5.96,6.72,5.41,43969.33,1122866.72
82079.27,7.31,7.55,3.48,15082.36,1652765.45
83209.42,5.96,7.88,6.46,57275.9,2116709.53
58019.79,7.05,6.79,4.35,23003.92,958955.82
78899.93,6.91,8.15,5.54,25459.69,1588181.9
67656.18,6.64,8.2,4.76,43923.14,1580091.57
72204.68,4.21,8.38,5.6,40657.45,1253944.86
73488.01,7.09,7.45,4.68,36960.33,1653552.4
79180.79,5.53,9.37,4.27,30511.64,1732556.44
69464.61,6.69,6.37,5.32,49371.75,1757422.69
83612.51,5.02,9.14,7.04,35772.69,1613351.81
71880.72,4.81,7.77,3.65,20622.27,1068893.62
75235.56,7.94,8.34,4.96,48393.58,2139323.67
59702.09,5.03,6.67,3.97,38339.4,882002.22
91589.99,7.11,7.84,4.6,47229.44,2119615.5
73590.39,6.1,8.43,4.03,41845.55,1684421.18
76182.13,5.56,5.89,1.33,59899.86,1795001.42
51442.96,5.94,6.83,3.73,33086.55,851274.68
59814.64,4.69,4.83,5.21,36322.73,530829.84
81776.36,5.97,6.81,3.04,43307.32,1617626.09
71640.69,4.91,6.17,5.11,33147.86,900044.5
48185.94,5.59,6.77,4.21,44129.18,861589.18
79649.09,6.9,9.94,3.74,6909.93,1639171.33
62787.36,6.23,8.72,5.09,35440.63,1318539.34
83624.82,4.51,5.54,4.82,35140.8,834042.95
67646.85,6.82,7.55,4.5,34781.29,1462239.79
70764.76,5.97,7.8,5.23,27459.5,1232537.03
81148.3,5.44,6.65,4.23,45156.27,1470406.36
59017.52,6.72,7.17,1.96,31156.39,1048117.65
58001.24,5.81,7.27,3.51,38150.72,1116088.92
66488.72,4.83,5.63,1.76,35794.15,815503.21
77399.01,7.81,5.95,4.79,41129.11,1800687.15
54398.51,5.96,7.16,5.08,50365.29,1294994.91
50805.09,5.9,7.09,5.14,38099.41,889737.55
77362.22,5.58,6.27,4.58,44513.87,1379683.83
62156.46,7.15,6.19,5.17,37600.84,1260789.97
64402.66,5.46,6.9,2.04,31140.87,985779.04
48793.11,4.45,7.89,3.85,34758.04,503590.65
61346.44,5.31,6.91,2.24,33348.84,1136745.65
68502.35,7.29,8.63,3.54,41802.01,1837340.74
78498.97,6.8,6.29,5.97,37221.52,1504932.36
60363.23,5.73,7.19,5.32,28279.92,765228.3
86247.31,7.34,6.63,4.79,33960.02,1777258.4
61287.0,6.72,7.58,3.76,21018.28,1015126.63
61302.61,5.72,6.2,2.76,34330.81,934581.09
84968.16,5.82,8.94,4.21,36175.96,1614884.86
70836.74,6.31,5.28,5.35,54111.85,1390281.49
62699.52,5.16,8.72,4.48,49546.39,1381039.24
66929.59,5.98,7.08,2.03,25899.81,1063829.61
83004.06,6.29,7.55,4.11,38165.56,1703014.68
84209.79,4.31,8.34,1.63,38339.65,1526609.15
59877.62,5.79,7.86,4.97,33875.91,1275266.22
68130.74,5.68,6.25,3.13,34508.62,1040001.36
69543.89,7.0,7.6,2.48,32650.05,1380907.67
58071.65,4.15,8.88,4.99,54749.63,1084604.64
67989.51,5.6,6.09,4.67,32032.37,971452.05
68639.73,5.5,9.13,4.27,39546.8,1363720.21
80735.35,6.93,7.38,6.68,11062.38,1453560.71
81451.74,5.94,6.55,4.76,44336.92,1600472.94
65074.29,7.76,6.09,3.19,47916.73,1644387.5
66302.69,6.64,6.76,4.62,25721.6,1288095.92
75663.03,5.57,5.02,3.63,31082.52,947740.78
62346.06,6.22,6.57,5.54,40644.17,1158585.61
74856.73,5.63,6.72,4.33,36356.15,1449631.24
67646.09,6.83,5.9,4.45,40791.72,1345107.43
58251.15,4.66,7.75,2.21,33312.13,925763.71
58385.03,5.16,6.77,4.06,54655.91,1272292.81
84005.75,6.43,6.35,3.91,29515.83,1583335.92
66915.86,7.19,6.66,2.72,62876.88,1834682.22
86065.89,3.8,7.35,3.71,48489.09,1656100.71
63108.66,7.34,7.06,4.52,44421.74,1502192.78
71686.67,5.84,6.28,3.97,25836.26,1120226.02
94084.15,4.11,7.12,2.24,45191.6,1640770.5
57313.37,3.01,6.94,3.64,42157.09,724085.45
48356.09,4.47,5.84,3.4,15125.87,52787.63
82295.48,5.96,6.7,4.22,22222.34,1144142.96
59770.87,5.91,7.58,4.09,39712.46,1258595.37
68362.31,6.61,7.57,3.47,34840.0,1312833.44
62338.28,5.44,6.76,3.43,31036.95,824623.8
71441.08,4.88,7.67,4.06,46871.57,1522071.26
58452.19,5.57,6.0,5.16,27391.49,828292.92
66665.2,6.01,6.03,4.32,31644.73,1012881.15
73377.13,6.21,6.74,5.73,29741.23,979463.28
57836.44,5.2,8.5,5.37,41226.43,1226785.17
61121.5,6.87,7.15,5.82,19097.38,1085170.02
64880.59,5.36,6.71,5.66,31223.61,1034050.7
53354.69,5.12,8.55,5.9,19064.56,781309.76
64079.35,5.44,6.7,2.56,33057.71,978529.05
69849.13,7.04,9.25,4.78,43339.26,1814781.95
64324.61,5.85,6.47,5.48,43516.4,1096447.31
65690.67,5.29,5.97,5.7,28941.59,792847.42
68370.89,6.9,6.82,3.03,41456.22,1503200.88
61594.09,8.1,6.74,4.79,34325.25,1442485.33
75948.34,6.19,6.17,4.07,49671.77,1645080.81
83887.65,7.2,9.62,6.25,34873.12,1963084.47
63633.63,7.01,7.31,2.27,6655.5,750027.1
73754.24,5.38,7.46,3.03,45042.71,1432352.48
66029.16,6.01,6.52,1.75,31606.44,983343.94
72478.36,4.71,6.41,4.16,33441.57,1049675.7
85271.08,5.78,8.03,6.76,39497.04,1646201.72
74004.29,5.36,5.3,3.93,22022.77,979009.84
49681.95,5.58,5.84,4.1,36903.94,584420.03
73421.69,5.24,6.74,4.66,41467.88,1461061.15
81722.86,5.7,8.35,3.84,39776.34,1777027.45
66221.23,6.51,6.61,4.43,30218.61,1062396.88
79194.48,5.86,7.41,4.46,46007.92,1888009.73
61227.75,4.13,7.02,2.94,26262.85,683704.2
52750.12,5.24,8.3,3.86,29954.7,887796.64
70087.58,4.48,5.39,4.89,34813.19,833294.37
49862.47,6.22,7.73,5.12,39095.52,1089566.79
66027.52,6.48,6.79,5.58,32941.91,1277503.92
82298.16,6.23,7.92,4.39,48356.72,1818034.23
48228.75,5.2,6.16,4.42,39093.72,625536.52
54946.12,6.22,7.01,4.9,36913.91,1042844.84
57583.6,5.51,6.89,3.25,38744.85,1037905.65
67908.14,4.85,5.98,3.2,43437.09,1113410.26
64685.19,6.71,5.7,3.83,38552.69,1198940.17
83495.0,6.79,6.4,2.41,18203.55,1317630.02
78754.44,6.92,7.12,4.48,46976.38,1761876.28
73861.62,5.38,6.23,5.27,37350.78,1091245.5
70135.13,7.15,6.66,3.11,42960.16,1612236.08
72774.04,5.49,5.09,4.52,32134.01,923763.29
59395.99,6.63,6.62,3.21,18032.84,833883.93
77719.15,5.47,8.02,2.73,13544.82,1184115.96
56730.83,5.76,7.7,6.51,26790.15,927614.01
77486.45,3.58,6.9,2.75,41297.15,1129669.28
81224.91,5.68,7.24,2.41,49044.57,1621837.09
70830.39,6.07,6.15,4.24,39160.06,1301814.1
66704.92,5.57,8.63,4.31,25719.64,1171674.9
72849.5,7.72,9.08,4.8,28380.57,1774435.03
38084.94,4.83,7.16,6.44,49668.77,770763.69
71804.47,5.42,9.61,3.02,23153.5,1415042.67
67374.87,5.08,6.3,3.27,57023.1,1269174.39
68043.41,5.42,5.73,5.96,54782.67,1283442.71
76113.22,7.0,6.27,5.14,57350.12,1994457.96
67786.11,7.44,6.77,4.96,39941.46,1492611.31
56430.68,5.29,9.33,3.25,32773.37,1128151.12
67075.93,5.26,6.71,5.36,39699.74,1206863.23
69303.01,4.83,6.12,4.97,45180.71,1150402.1
69807.97,7.27,6.08,4.21,29704.05,1260504.22
70308.74,7.09,8.14,3.26,25233.56,1384977.01
79660.6,5.88,8.0,4.11,33344.93,1567994.25
57008.04,4.6,6.5,6.01,28497.85,686669.93
70455.62,4.69,5.1,2.63,48478.8,1180565.68
82331.07,6.15,5.85,3.0,30044.94,1209894.37
50095.51,6.52,8.73,3.21,37112.24,1360239.66
70497.67,3.93,7.69,3.47,45919.68,1176440.55
62344.04,5.66,7.06,3.96,48865.43,1374933.93
64631.97,7.58,8.88,5.16,38232.95,1636396.4
58939.56,5.76,8.97,4.55,39977.14,1164628.18
66775.93,7.45,6.95,4.05,26069.37,1181708.49
88207.1,6.62,6.97,4.32,46316.84,1914888.64
55106.7,4.91,6.4,4.75,48703.47,975101.45
56117.3,5.69,6.7,1.91,17599.75,632849.08
54706.98,5.85,5.49,5.3,53660.24,1009517.6
86993.82,5.04,5.48,2.96,29208.95,1328759.26
63655.38,5.02,5.25,3.43,42064.71,880525.35
68309.74,7.47,8.09,4.4,36932.8,1680764.21
64290.14,5.01,5.41,3.89,35563.77,1126047.9
58517.34,7.05,8.96,4.58,34113.31,1436157.82
66076.76,5.55,6.25,4.15,26311.81,834026.76
94782.96,5.95,8.74,3.62,41361.99,2167105.68
83419.69,6.54,6.62,5.86,33324.01,1667847.17
59492.39,5.39,5.41,4.85,23166.98,616782.63
75484.84,6.54,8.29,4.35,25890.58,1526923.39
59720.63,3.95,8.41,4.83,23335.47,872974.86
49650.47,6.42,6.07,3.11,30956.44,874776.17
79448.95,3.54,6.66,6.65,40977.61,1127782.61
80947.27,5.76,6.08,2.64,29105.15,1210077.68
79731.82,6.83,6.87,4.12,45844.26,1821628.82
63575.18,6.6,7.1,3.63,34979.8,1190527.67
66805.5,4.69,6.64,3.58,33290.66,1019197.56
76574.0,4.82,5.15,3.42,36329.4,1068976.14
72755.56,5.3,6.4,3.03,50009.91,1649086.67
64387.61,6.16,7.7,5.44,22552.46,1238486.53
51326.93,3.97,6.78,2.5,52602.44,679312.39
69796.68,5.97,6.66,5.19,45692.59,1347257.39
80083.08,6.29,6.05,4.78,35948.06,1258119.43
55819.1,5.7,6.37,3.51,47904.53,835639.22
75390.9,6.5,8.41,4.64,32962.46,1637305.79
72116.57,6.2,5.84,3.79,38998.36,1162887.92
76578.08,5.44,7.72,2.63,30789.46,1519488.35
77876.51,4.06,7.04,2.64,45755.27,1417152.01
61181.39,6.11,7.24,4.79,29143.49,1028523.45
51349.45,5.04,6.25,4.72,35653.17,613433.84
62896.75,5.41,6.63,4.28,42903.45,1259898.35
78059.32,6.45,6.98,3.5,46566.28,1876875.43
62806.32,7.38,6.46,3.75,28013.04,1091700.38
61185.89,5.94,7.32,3.58,43637.9,1149782.82
49171.05,6.53,7.45,1.83,26416.8,813005.5
87262.72,4.55,9.18,4.06,14820.97,1421379.89
77383.46,6.22,7.27,4.62,28738.47,1368400.19
76788.55,5.92,5.06,4.06,44447.0,1370074.7
78897.02,7.2,8.16,6.16,36041.75,2030925.03
74729.56,5.44,6.78,2.74,30853.15,1062541.37
65978.94,5.74,9.02,3.17,36713.62,1382121.01
66837.6,7.03,8.48,4.14,36385.32,1448381.53
64026.02,5.89,6.48,4.28,42335.34,1103396.07
96664.07,4.88,7.72,1.64,20166.78,1501869.99
74507.91,8.51,6.39,4.72,35147.15,1649834.91
63639.81,4.91,6.99,4.29,37396.45,1058104.66
73544.26,5.92,7.67,1.37,22611.7,1249718.18
57809.16,6.32,8.11,3.84,22475.61,1050951.35
84618.03,6.24,7.89,2.99,32543.27,1677996.99
61537.33,5.79,7.07,3.42,36247.6,1073044.74
73923.57,5.8,9.5,2.33,36282.56,1621127.67
79944.19,5.75,6.62,4.49,30641.24,1321289.6
72683.86,4.88,5.37,6.15,30234.45,933812.87
69589.86,8.11,5.56,4.31,32240.88,1212949.54
68698.13,5.76,8.48,1.32,39125.83,1483235.89
67981.45,6.57,6.91,4.33,48515.86,1443970.01
62436.55,5.65,7.15,3.74,14125.56,731324.85
63792.41,5.63,6.44,2.63,42346.3,974662.29
84352.47,5.53,6.53,4.41,35059.82,1425429.85
67426.22,4.45,6.2,5.06,41380.79,1003976.49
60207.98,5.82,7.47,3.16,47929.52,1342079.88
63080.3,5.58,6.89,1.96,28668.37,833667.19
80310.75,7.14,7.43,1.51,45535.22,1940774.6
75783.62,4.8,7.33,3.16,23716.62,1192750.42
74554.99,5.41,6.56,3.79,37429.42,1219279.9
65838.34,5.09,5.52,3.35,33756.02,844954.82
74693.9,7.41,5.43,3.14,36622.32,1240808.17
61723.93,5.12,10.05,4.68,26346.83,1114816.03
65816.03,6.54,8.48,4.55,40499.07,1575991.31
78919.18,6.94,8.34,4.23,51906.9,2148010.39
77901.05,5.84,6.31,4.98,26517.32,1157119.23
58117.8,4.62,7.0,3.17,38045.23,1113823.55
59464.8,4.63,6.17,2.63,44657.54,906807.97
69741.55,6.83,5.66,3.34,33217.85,1096779.24
86980.12,4.73,6.4,3.25,49664.9,1718110.33
48166.91,6.37,8.33,1.46,31898.34,859353.23
71549.47,6.09,7.84,3.31,35008.78,1467224.48
53917.13,6.35,6.01,5.34,26305.94,654693.88
61822.3,6.45,6.67,4.97,37419.41,1045898.53
64698.92,5.06,7.75,4.63,36193.0,1223156.79
64101.22,5.01,6.41,4.14,42474.32,1012921.12
62893.8,6.69,7.07,5.76,29848.66,1352271.07
68659.81,5.36,7.4,2.68,29394.19,1008709.59
62878.25,3.26,7.38,2.79,40753.23,657506.89
52996.13,6.62,7.25,5.36,50030.12,1235462.9
76894.85,4.95,6.33,4.01,42405.93,1581599.18
76607.11,6.44,6.43,3.15,54498.57,1808161.89
77569.55,7.36,5.85,4.66,41674.43,1688183.34
52161.85,6.0,5.41,3.44,41316.98,860627.23
71768.87,6.97,6.87,2.95,42904.98,1535109.89
75787.58,6.13,7.81,2.92,50933.09,2042890.24
57592.45,7.55,5.6,4.38,48445.88,1352519.0
68680.77,4.93,7.27,4.23,25395.58,1004355.96
67343.83,5.97,7.78,5.85,44108.78,1560294.5
88216.64,6.65,5.13,3.62,38796.66,1484572.92
89094.28,5.79,6.72,3.6,34237.2,1526247.04
50844.29,7.12,8.65,5.75,18566.68,988611.51
95163.27,5.55,7.55,5.19,20876.9,1706817.23
58828.52,8.03,5.1,4.16,32545.66,979102.98
79035.02,8.08,7.65,2.06,21626.93,1685577.19
78926.57,6.26,6.23,2.98,32751.21,1368469.32
57970.93,6.53,7.69,2.68,43252.84,1161491.44
73840.25,7.16,6.29,4.02,30397.01,1350716.69
67436.91,4.8,6.94,3.35,36991.37,1108986.27
74491.05,4.68,6.45,5.95,25543.73,810621.83
71041.51,7.22,6.99,2.05,39128.27,1706274.56
81333.59,6.25,6.42,2.55,41206.24,1636274.93
69386.61,5.76,6.76,4.28,22040.38,1041308.94
66793.8,5.99,5.8,4.62,28700.53,975134.85
80264.85,3.62,7.49,1.0,23586.34,884035.81
74768.86,5.79,7.17,1.85,41216.96,1397831.11
76382.67,5.23,5.36,3.66,37790.77,1174018.1
61499.84,6.89,7.99,5.65,35669.61,1318284.15
57442.59,6.97,6.81,6.3,34889.81,1173301.48
62532.22,6.55,7.15,3.47,39367.14,1208672.68
61966.29,6.37,7.76,3.77,39565.8,1380159.53
76962.31,4.5,7.32,2.95,31244.39,1220425.97
78985.04,6.56,8.17,4.76,29854.7,1474071.17
66929.62,6.6,6.69,5.86,35577.47,1300694.7
83833.73,7.21,8.03,5.52,34279.88,1748256.83
83168.15,8.08,7.11,3.94,56615.27,2064983.32
71177.15,4.3,7.5,2.95,32352.85,991300.61
59823.28,5.6,7.4,3.99,39037.93,1389406.03
85373.36,5.25,8.24,5.68,40787.32,1813097.7
67932.68,6.15,7.72,3.49,50063.2,1719842.77
69927.67,5.99,6.54,1.75,28111.99,1177052.56
64963.49,5.75,6.34,3.54,49459.0,1294356.72
59099.61,7.0,6.94,3.64,34700.1,1290925.52
52930.24,4.89,6.22,1.74,60988.85,966437.78
75328.11,4.95,5.93,4.27,39761.83,1216461.52
60233.51,4.97,4.84,4.6,23965.88,593505.76
101191.48,5.62,5.43,6.27,34206.2,1765259.54
57007.63,4.76,9.0,2.34,49425.47,1385729.99
55181.82,5.93,6.33,4.88,36972.3,923564.32
74020.06,5.82,8.91,5.17,35571.22,1755420.24
84882.42,5.2,7.4,4.62,43299.05,1629320.38
69271.4,6.85,6.94,2.74,32738.9,1574823.11
74681.96,5.92,5.47,2.67,34071.47,1226519.55
48934.47,7.03,6.99,4.1,26787.11,837716.13
61362.08,5.79,8.9,4.09,53321.55,1457073.13
57140.4,5.96,8.56,3.29,24028.58,942687.49
48385.6,5.42,7.27,5.57,37844.96,709437.72
69829.78,5.97,5.83,3.49,40925.85,1214075.93
44678.94,6.69,6.02,1.65,36027.51,616142.47
54491.04,5.57,6.13,3.7,23718.41,732273.4
62857.59,6.49,8.28,4.57,26250.27,1248104.96
59723.16,5.18,8.64,4.4,41348.98,1233171.84
72807.92,6.73,7.19,4.39,28422.7,1272711.74
71839.87,5.41,6.68,5.82,15598.23,821291.53
78109.11,6.82,8.55,2.61,40003.76,1634499.09
76601.91,6.04,6.0,3.46,27503.48,1358241.85
80741.78,7.49,7.04,5.88,42427.85,1740608.76
68562.55,4.84,7.46,1.56,34161.91,966238.17
71817.35,4.52,6.12,3.91,33683.61,1094679.82
74034.71,5.37,6.35,5.49,36681.46,1256883.6
70092.78,4.61,6.27,5.47,24863.45,831423.8
64349.7,4.61,8.42,4.79,27970.38,1038243.31
65039.83,6.6,8.92,4.82,33583.25,1586572.83
59869.46,5.98,7.11,2.7,24805.4,927938.12
73076.59,5.51,6.72,5.67,43247.64,1210899.01
67580.99,5.6,6.38,2.5,33112.26,1132636.74
61514.89,5.39,6.99,2.58,21777.34,839011.11
61524.79,7.61,6.43,4.46,30614.64,1350079.24
55682.57,5.25,6.89,3.37,37167.44,747771.6
79015.49,4.67,7.41,4.23,31735.55,1188621.74
69420.91,6.77,6.58,4.51,40131.17,1465830.94
59387.28,5.77,6.8,6.17,41860.31,1009178.59
77200.5,8.0,6.8,4.51,59999.88,1889471.94
62609.74,5.46,6.67,3.22,47583.14,1206089.27
53592.52,6.82,6.54,4.81,19922.02,873043.62
79467.19,7.05,7.76,2.96,32587.69,1701500.05
62858.62,5.46,5.2,5.1,33516.59,859149.72
64224.95,5.24,8.58,4.06,41870.58,1374616.93
69021.9,6.71,7.13,4.47,26897.16,1275607.0
80760.72,6.55,7.61,1.79,30890.32,1625964.91
68796.56,4.58,7.72,1.21,23812.21,1072831.81
55802.81,4.86,6.27,2.13,30185.51,530528.4
74379.64,3.47,6.07,6.13,30555.72,865249.87
63413.98,6.57,5.95,2.57,33056.42,957160.54
88704.49,5.72,6.74,4.88,24386.86,1371096.75
68571.07,5.82,7.7,3.19,45909.61,1593001.05
44761.99,4.31,6.4,3.68,40849.72,358473.35
72391.8,4.89,7.6,3.92,21783.36,1003305.55
89308.52,5.51,4.6,6.0,36420.78,1588991.8
85379.16,5.31,6.6,4.7,20627.85,1340329.2
88097.31,6.1,8.17,4.45,49484.89,1980125.79
57714.4,6.56,6.82,5.57,52183.03,1298561.13
78304.72,8.23,6.15,3.2,35609.81,1715639.08
60887.98,5.96,6.33,5.29,27700.5,1023882.56
70973.48,7.08,3.93,5.09,29570.13,929436.3
55015.87,5.16,5.97,5.07,31659.61,544608.27
61714.39,4.32,8.06,3.79,35102.74,1033058.67
61375.56,5.63,6.4,3.44,49764.91,1021004.8
78159.8,4.4,6.52,2.91,45647.35,1207295.76
77117.06,5.99,4.63,2.99,45800.22,1301695.68
71533.34,5.21,5.34,2.85,37855.99,1022959.75
54190.21,4.05,8.19,4.43,24713.4,478191.64
65261.55,7.7,7.61,3.7,28520.19,1472676.03
60630.89,5.45,5.68,4.51,36765.66,915406.26
77852.0,4.36,6.35,4.58,24242.08,877416.03
81140.09,6.87,6.96,2.68,39180.03,1888548.03
79841.96,5.26,5.78,2.64,44153.85,1396115.5
60533.87,7.06,4.97,3.7,41575.55,1005736.36
39385.06,5.25,6.83,3.03,41177.01,737121.94
49750.72,5.44,7.57,2.9,17640.14,508917.65
83734.7,6.32,7.59,6.07,49396.56,1946590.83
64306.42,6.57,7.87,2.09,20606.7,1090028.64
60581.78,6.74,5.42,6.47,34646.96,1074569.99
86090.47,5.89,7.05,4.34,42302.04,1682686.03
82067.07,6.5,6.72,5.19,39722.08,1625362.41
68843.57,6.72,6.9,5.05,23480.47,1177475.35
65455.91,6.18,6.78,4.74,25262.12,992907.05
67175.07,5.84,6.32,6.02,39012.19,1288448.32
71004.1,4.55,3.94,2.65,41233.14,661163.87
85636.3,6.57,8.16,3.79,25174.0,1703522.22
73085.66,6.02,7.32,2.93,40059.48,1477528.48
76321.02,5.57,5.49,1.89,21123.91,937707.59
81045.08,7.24,7.47,3.17,42360.06,1990346.18
56116.59,4.57,6.54,6.28,27390.87,434721.29
76628.32,7.61,6.57,3.77,36962.1,1724340.98
65443.49,5.96,6.21,6.42,35295.58,970281.49
41766.46,6.29,7.53,6.55,47682.52,939452.29
45900.97,5.59,6.18,7.66,38566.14,528273.56
57731.9,4.33,5.88,6.32,30216.91,510815.34
74244.78,5.84,8.13,6.88,39731.96,1509855.13
69795.88,6.31,6.81,4.38,57426.45,1814077.88
70547.98,6.65,6.84,4.26,43508.72,1538021.56
89376.16,5.78,7.69,4.34,35575.77,1803847.0
55057.04,3.81,6.32,3.98,27889.39,302104.2
68290.62,4.45,6.52,4.16,30044.32,934849.88
71827.67,8.01,7.3,4.91,42911.93,1976978.02
60735.8,4.9,5.43,3.41,27371.41,683560.98
68884.91,7.39,7.21,2.29,36189.69,1398060.84
51530.74,5.06,6.23,4.43,50431.37,827844.55
83609.78,5.8,7.85,3.13,37655.64,1697932.5
61318.35,6.6,7.54,3.26,25452.62,1058014.68
90233.66,5.17,7.41,3.8,57778.14,2232475.48
68236.89,7.56,5.37,3.52,53655.3,1537234.28
79539.99,6.05,6.89,5.35,41137.18,1577478.11
68014.9,6.44,5.8,3.77,48824.87,1317133.8
68255.33,5.72,6.95,5.41,33513.23,1199086.4
62358.42,6.63,4.65,4.23,43353.21,1203654.3
69852.62,7.54,5.43,3.87,31959.37,1308748.53
71972.23,5.85,8.19,4.17,22710.51,1239834.97
60224.37,7.69,7.36,2.39,61887.83,1693917.16
67250.28,5.37,6.63,4.4,22203.11,1005845.55
62080.57,6.74,6.07,5.02,39116.26,1173074.54
93092.82,6.46,5.89,5.2,39000.33,1767938.65
67626.65,4.92,7.19,2.32,41284.36,938061.72
85052.08,6.19,6.64,2.11,35272.88,1583196.89
66498.06,5.99,8.55,3.32,35376.45,1360892.78
71346.49,5.14,6.8,5.68,37536.74,1008324.41
54499.9,6.33,7.05,4.25,40925.69,1202269.9
63818.1,6.12,5.59,3.03,36144.97,961696.48
70826.88,5.91,6.63,2.19,35484.52,1434451.05
85486.63,5.91,7.17,3.14,23050.98,1581803.0
70948.89,5.89,6.61,3.06,56148.8,1487462.82
83330.69,5.62,6.5,5.13,41479.81,1685822.57
75411.89,6.12,7.32,5.23,38236.4,1673151.99
85927.84,5.34,8.52,2.69,29965.16,1569347.71
67953.73,8.61,7.14,4.91,26202.13,1451000.21
94057.99,4.58,8.15,4.78,44698.37,1643744.92
63409.65,5.4,7.62,2.53,34576.37,1148390.91
60414.05,5.48,8.09,3.88,42327.07,1139634.88
55686.26,8.0,6.37,4.4,22742.91,1084658.89
93427.06,4.67,6.78,4.18,51515.53,1739050.11
77316.67,6.4,6.79,1.88,45109.17,1552351.76
65021.94,6.23,7.54,4.14,35358.45,1230766.02
81895.08,6.31,7.79,4.76,40804.18,1648197.48
75912.42,7.2,7.12,5.92,43517.47,1701836.64
89537.99,7.18,7.88,3.16,22893.47,1746209.47
52086.2,5.53,6.42,3.31,52815.43,1020373.93
65754.79,6.17,7.88,3.72,40959.37,1430140.82
63653.45,4.13,8.02,4.34,29174.78,771746.26
47547.49,6.08,7.67,4.1,25279.33,859915.51
79883.97,5.19,7.13,4.72,45959.95,1533068.12
65701.11,5.8,7.71,2.6,38258.76,1441975.65
76465.99,4.31,6.09,4.47,40952.81,1151483.89
93733.45,6.38,7.19,3.07,36427.65,1907224.73
64818.13,4.3,7.29,3.8,26210.77,747478.9
64094.35,6.13,5.65,6.08,41211.03,1174874.89
69847.72,4.77,7.47,2.26,34202.46,1123453.39
79105.08,5.14,5.73,3.64,35947.72,1283774.59
62542.97,7.12,6.56,2.41,59754.75,1787697.05
61858.21,6.56,7.03,4.17,44788.51,1282326.01
79850.52,7.12,6.25,5.27,45361.14,1810838.56
72618.54,7.52,7.07,4.19,63164.19,2087287.2
46790.29,5.21,7.06,3.84,39979.9,785310.92
55522.77,7.46,6.16,5.61,37351.1,1108001.5
84583.17,4.53,7.56,4.39,29421.87,1300966.54
72866.75,6.72,6.22,4.99,31671.42,1262600.22
60459.52,5.49,9.3,4.86,15845.5,927834.72
66766.77,5.06,6.88,1.0,44007.95,1091860.54
68724.08,6.59,5.81,3.89,23588.81,1024320.52
76424.45,6.92,6.0,2.65,45122.65,1525474.77
54106.63,6.89,8.15,2.96,35735.97,1280951.27
59620.16,6.19,6.58,5.79,37433.98,1088978.81
71492.16,6.11,5.61,3.52,35742.5,1192958.81
67518.96,6.5,7.85,6.31,49919.79,1623095.77
74677.88,6.28,6.57,2.25,48166.72,1581831.7
55478.91,6.52,7.65,2.65,35876.25,1121909.96
72389.28,6.18,7.93,4.92,27240.38,1442573.64
80217.1,6.81,7.27,3.56,45332.6,1782538.26
73771.51,4.37,9.41,4.36,26490.34,1301718.46
70065.65,5.85,5.25,3.84,20731.0,700153.99
67561.07,4.61,6.16,3.8,41109.12,1066171.66
59685.16,6.25,6.73,3.61,48256.51,1216705.42
67815.64,7.61,9.27,4.2,32142.53,1644583.08
82008.94,5.51,8.81,4.77,40177.84,1650015.99
67314.39,6.11,8.29,5.97,32037.44,1240303.86
59099.47,6.73,6.19,3.73,43328.78,1148887.47
63336.63,3.93,6.31,3.5,47031.17,1049514.81
70723.66,5.46,6.15,3.34,33554.06,1021226.62
64602.09,6.34,6.2,5.79,25964.04,773299.64
73755.36,3.11,8.5,4.83,21701.97,911304.63
74155.47,5.01,6.74,1.64,45350.46,1221222.74
78057.78,7.07,6.88,1.59,24882.58,1540409.67
83755.3,6.97,7.77,2.96,39855.34,1863596.47
79196.86,6.35,5.31,4.26,43878.77,1442241.06
58625.88,6.85,7.04,3.94,31187.58,1247306.41
58953.13,6.19,5.88,4.61,34513.36,998669.01
67775.43,6.53,6.69,3.76,46078.51,1329733.91
63774.37,5.67,6.4,5.7,28141.68,813215.42
56450.71,6.09,6.35,4.93,27134.11,633791.46
63875.45,5.35,7.22,4.08,33836.67,1316774.67
63525.64,7.23,7.21,5.39,48846.28,1501363.05
61422.45,7.49,6.77,1.95,52149.51,1688570.1
65217.32,7.35,7.36,3.88,35182.58,1396626.79
81142.93,5.58,6.11,4.15,29095.19,1149415.98
70706.48,5.04,7.68,4.72,46724.34,1406986.83
94927.54,7.24,6.78,1.87,19595.24,1726220.85
70400.28,6.52,6.5,3.66,38620.54,1452186.58
65491.48,6.31,6.19,4.47,35727.16,1232658.17
68627.05,5.35,6.75,4.57,49004.24,1273627.68
71316.69,6.4,8.88,5.44,50008.56,1696151.82
73221.94,4.91,6.93,4.92,26808.4,923827.34
90716.59,6.61,5.83,3.91,37827.2,1502330.24
59573.57,7.35,7.92,4.81,30499.75,1299600.59
77738.71,7.59,6.51,3.73,33251.73,1625124.86
70797.21,6.68,7.28,4.16,42290.57,1444575.93
51838.24,4.61,6.38,4.96,32839.18,434192.03
76797.11,6.18,8.28,3.92,38087.71,1661628.73
82093.33,8.1,6.39,4.43,45663.93,1915071.28
59447.21,5.12,8.4,5.16,51200.98,1312699.41
68487.78,5.92,5.93,4.86,39028.15,1135734.03
50194.17,7.38,6.69,5.5,37331.82,1112142.28
55166.64,6.59,8.4,6.84,25173.15,1035502.0
79752.9,8.44,7.16,4.84,51902.05,2123736.18
63611.93,5.25,9.28,3.41,41082.83,1206868.63
56765.38,5.0,6.72,4.61,37515.03,836814.51
71028.59,7.19,7.25,4.56,37007.11,1573805.4
63015.13,4.8,8.91,4.73,39742.49,1227067.28
63564.98,5.79,5.46,5.82,43823.02,1253494.75
76462.74,5.92,5.34,1.91,45051.34,1370816.49
56201.25,7.01,6.19,5.84,52150.21,1303648.04
58933.62,6.59,7.81,6.26,38571.68,1352373.22
70225.18,6.43,5.36,4.68,53573.45,1656484.23
78914.97,5.58,7.59,4.71,46660.9,1684690.41
81779.31,7.18,7.52,3.68,35566.2,1581388.86
61494.77,9.97,9.02,3.99,19614.32,1808796.46
78573.56,6.66,8.05,4.84,37012.21,1650651.02
60225.61,6.08,7.36,4.76,51630.89,1193831.91
88046.74,4.7,8.36,4.87,28468.51,1697899.93
56499.27,5.35,7.53,4.75,36981.44,1133276.1
82741.93,5.77,6.53,5.09,37802.8,1417860.93
61586.17,5.45,5.83,4.95,45513.61,944079.31
90040.18,5.96,6.41,2.72,32313.97,1610585.46
74885.3,7.74,6.95,5.0,27534.37,1469788.37
57754.3,7.21,7.17,6.27,41820.27,1337099.06
63016.98,5.82,4.83,3.95,28784.88,675558.39
76908.83,4.78,6.77,5.82,17945.61,911103.21
79802.08,7.3,7.02,2.85,54428.69,1863911.57
67829.31,5.93,7.54,3.94,45363.78,1533411.1
69058.97,4.27,8.63,3.19,54855.62,1600570.43
76665.53,6.69,7.18,5.68,44837.58,1706057.08
69987.71,7.0,6.07,6.0,42915.62,1456377.53
54796.83,3.58,5.15,3.86,39830.64,471723.93
59918.32,5.16,7.68,5.42,34316.67,1007877.24
71088.91,5.87,6.11,6.01,41245.66,1451805.33
81537.61,6.71,7.87,3.94,30672.17,1557054.93
85806.14,5.47,8.4,4.14,25550.9,1651602.39
76891.22,5.16,5.43,4.88,32865.66,1061637.52
71644.94,6.7,7.55,2.94,48981.06,1599930.23
76563.86,5.52,8.3,4.12,23931.36,1561617.22
61476.77,6.52,8.02,6.62,24089.07,1390037.57
66949.86,4.88,4.87,3.36,42031.74,860648.49
59799.41,4.64,6.13,5.03,32043.34,738542.5
55273.9,6.73,5.7,4.62,40981.54,974131.99
72137.97,6.23,7.52,3.78,45987.34,1567392.13
70560.2,6.89,7.41,4.25,40743.71,1467930.4
75912.0,5.45,4.27,6.14,29887.96,788312.09
74403.46,5.19,6.69,4.66,48896.12,1606300.92
71169.1,7.33,7.8,4.85,43528.57,1753116.85
74515.42,4.47,7.14,5.95,36429.27,1180203.55
68128.08,7.22,7.14,3.62,35948.79,1393893.82
72983.6,7.29,6.62,2.69,39874.88,1603895.82
60843.75,6.83,5.92,6.16,33066.56,918422.11
72523.33,5.3,6.97,4.15,19973.29,915567.46
75707.0,5.17,7.04,5.08,43608.32,1290615.3
61445.54,5.77,7.61,3.04,43018.62,1387063.36
69135.43,4.7,7.69,4.46,13324.92,643965.42
61936.64,5.03,7.08,2.63,41231.46,934950.65
62971.49,6.62,8.1,4.06,53596.1,1447028.52
56593.5,6.62,6.61,3.18,24971.19,808008.9
82073.63,4.94,5.53,2.9,35435.58,1149661.34
79941.07,6.65,7.47,3.61,34356.83,1749810.45
74310.97,6.43,7.12,1.16,52642.59,1701384.41
89602.66,7.47,7.49,2.55,47288.4,2150442.6
66566.02,6.54,5.71,4.94,27444.72,1060775.19
100895.52,7.03,8.8,4.41,39558.53,2363305.24
66157.99,6.45,7.71,2.66,59017.02,1965599.62
71302.85,6.95,6.7,4.65,29962.77,1298094.14
64343.48,4.71,6.05,2.9,36052.3,889257.62
72551.25,5.86,8.08,4.87,41259.56,1628273.13
77488.98,5.94,5.88,3.84,30108.21,1162691.62
67368.88,5.74,9.27,3.58,53662.79,1762162.93
87519.28,6.42,6.37,3.87,31471.77,1549631.14
71131.85,6.61,8.73,7.13,22376.83,1463183.77
71465.83,6.37,6.8,3.05,30952.55,1299159.33
58894.9,5.8,8.59,4.26,42644.22,1310601.99
73043.36,5.25,6.25,4.94,28241.12,919990.08
67154.54,7.07,7.01,2.8,39162.33,1646410.17
62100.38,6.33,7.8,2.02,41746.31,1422833.56
60307.34,4.97,7.66,3.24,24164.33,662842.42
97058.65,5.79,8.1,4.91,30568.26,1859335.7
65774.86,4.25,6.5,3.56,39626.54,758833.11
53054.45,6.02,7.08,3.7,43134.44,1131454.51
61141.36,5.78,8.25,5.1,30815.57,1148625.61
68033.39,5.41,6.28,2.99,37669.34,1096498.09
74409.38,7.55,7.57,3.87,33344.93,1593409.14
74496.02,4.84,6.77,2.12,43386.91,1253665.97
75794.36,6.68,7.2,4.37,41318.18,1720827.42
61710.08,8.14,7.08,4.26,32456.18,1535291.81
72211.41,7.05,6.19,4.96,40911.56,1582712.4
59245.96,5.95,6.73,2.57,32067.96,808689.51
61978.85,4.86,7.14,3.74,40702.32,1009199.9
58802.06,4.63,6.89,2.41,40840.6,916069.32
55917.15,5.57,8.58,3.68,59695.64,1405781.09
79925.34,5.3,8.01,5.8,32825.6,1312354.2
75922.22,5.27,7.28,3.59,34760.91,1193400.03
78992.3,5.66,6.22,2.3,29739.23,1392582.83
69002.0,5.88,6.16,3.14,25912.22,881485.06
76862.22,6.46,8.98,2.0,31632.63,1698598.02
49811.18,4.75,5.97,2.39,42764.12,619380.33
77781.79,5.3,7.1,4.81,43482.31,1466635.26
70470.74,5.82,7.35,2.2,39097.62,1334973.11
75266.73,5.79,6.68,4.36,33227.53,1376517.13
72633.29,7.8,5.98,4.01,31266.25,1458623.4
58062.97,6.21,6.2,3.33,27063.46,779961.0
52616.89,4.38,6.44,4.26,30635.89,516889.41
60993.93,6.39,6.27,2.83,23308.85,758948.49
74603.89,6.52,8.33,5.01,49639.74,1904333.43
75937.99,5.86,6.98,3.12,54396.73,1611262.78
54003.47,4.78,6.46,3.5,16949.56,337082.93
58126.44,7.72,7.1,3.36,39033.94,1434852.37
60874.75,4.92,7.66,4.83,38869.47,1013060.83
64774.84,6.63,6.64,4.65,38235.43,1248679.1
54066.26,6.18,7.9,1.0,30280.01,1119066.19
53426.77,6.57,5.71,4.29,46311.45,940439.58
59823.88,7.67,8.17,1.83,40236.99,1607192.98
69502.29,6.54,6.98,3.56,46426.66,1627421.93
56000.23,5.43,6.94,3.85,28843.19,905607.67
67348.77,7.07,6.29,3.55,22434.91,1343204.22
79865.06,5.36,5.75,4.6,40479.44,1259401.15
54708.63,6.14,5.31,4.87,26605.78,560702.1
66382.7,4.7,6.22,3.03,46629.9,1154861.31
79504.86,4.96,7.58,2.98,15056.28,1177843.48
64125.1,6.03,6.02,3.94,31512.74,911843.57
62468.83,6.34,5.43,2.08,30049.98,955985.69
80983.54,4.29,6.07,3.39,32864.16,1366670.14
65319.5,6.47,6.6,5.64,38754.41,1284818.41
80354.71,5.17,6.64,2.13,40095.64,1492632.8
73154.91,7.25,6.86,3.56,42512.4,1810984.89
64928.96,5.63,8.03,3.25,43656.24,1621643.62
73695.54,4.87,8.25,6.45,34460.61,1353943.38
71998.35,6.06,9.02,3.32,57091.89,2042281.43
79463.57,5.07,5.35,3.39,49929.87,1281544.96
62738.73,7.24,6.13,2.71,33066.52,1194826.23
69022.17,5.98,7.7,3.99,34804.53,1297992.42
67927.37,5.83,6.53,4.31,32857.5,935047.13
76087.81,6.57,7.86,2.89,39768.74,1522946.41
57656.64,4.99,7.2,5.2,26516.52,794519.65
79421.94,4.7,8.58,4.31,28326.84,1412674.69
73553.13,6.38,8.04,5.03,14651.89,1140791.24
54547.21,4.89,8.06,3.58,32206.3,1012676.26
81460.67,4.89,6.57,4.28,46730.73,1365562.64
92393.96,6.81,6.89,3.72,34653.4,1905570.08
79260.55,6.5,6.68,5.77,35208.59,1493316.86
83791.8,4.74,5.47,4.12,38923.73,1258538.99
69492.89,5.37,8.48,3.99,26215.79,1306735.88
50874.68,5.09,7.74,3.42,36413.97,910189.79
48928.36,7.74,6.64,3.35,44999.52,1294489.14
71301.66,6.88,8.31,4.27,39205.64,1738959.8
62273.69,5.56,6.35,4.99,45871.28,1008821.38
58835.45,6.55,5.13,3.14,48709.51,1227200.62
67914.25,4.64,8.01,4.14,42739.2,1151540.27
75143.91,5.31,5.7,4.21,29082.83,1024310.96
53099.51,6.08,6.79,4.42,32747.46,841722.23
63798.86,6.43,7.2,1.88,55333.03,1584771.99
84675.2,5.88,7.38,2.84,39281.12,1641398.4
57122.58,6.23,7.85,2.3,37958.99,1173318.52
77852.91,6.06,7.58,4.02,27627.9,1583510.94
63416.74,5.82,7.55,2.87,35255.25,1051693.17
74400.07,5.69,6.19,3.37,43273.01,1353510.0
80278.32,5.56,7.29,2.51,36310.34,1373314.23
76483.58,6.21,5.47,3.48,31008.17,1277509.71
78272.82,6.39,8.57,2.6,33310.69,1615695.35
56309.32,6.18,5.57,4.91,47991.87,1049142.43
80452.39,4.81,6.64,4.57,42790.72,1258557.09
59495.0,4.99,5.66,4.16,41463.35,957753.67
71349.2,6.37,6.25,3.61,40538.76,1374788.68
71335.39,7.44,7.0,1.47,24421.43,1396472.73
73753.44,6.13,6.46,3.42,38866.06,1461002.84
72174.28,5.57,8.15,3.04,46762.97,1452667.53
59589.67,6.2,7.22,4.28,33573.35,1038583.75
54196.11,4.85,6.52,4.74,45863.97,883095.78
77880.49,7.28,6.86,4.38,41574.38,1570670.54
70563.62,6.16,8.22,5.53,44377.65,1454116.35
80833.06,5.32,7.91,3.28,36668.54,1458146.83
68106.24,5.81,5.84,3.23,44962.36,1107786.89
53606.76,5.46,6.3,5.26,21626.03,524076.67
78880.01,7.28,7.47,4.18,36491.97,1818268.85
64635.59,5.78,7.35,3.68,43239.67,1375292.85
72228.07,6.13,5.93,6.25,39103.77,1473147.2
61682.38,6.55,7.75,4.69,47037.06,1469556.18
86107.97,5.25,6.09,3.75,34603.79,1405554.55
59240.57,6.17,8.31,3.14,30729.51,1171721.67
64986.67,6.25,7.52,5.61,19895.18,1088972.17
69728.19,4.44,5.85,4.23,33453.81,899781.21
56942.52,6.23,6.46,4.01,41292.98,1163489.69
72105.68,5.93,6.44,4.81,43716.01,1477340.97
85762.74,6.11,7.15,5.06,22276.08,1521389.35
63355.65,6.02,6.78,4.66,47828.1,1465942.66
72794.43,6.24,5.83,5.07,26491.87,1117532.37
39279.52,7.3,5.58,4.54,34960.6,604922.46
68168.09,4.81,7.54,4.66,30517.5,1005977.57
65246.6,5.64,7.28,3.08,40304.21,1225760.7
59859.45,6.64,7.1,6.21,37096.69,1112737.81
80109.1,6.46,7.26,2.46,42891.84,1664063.96
65105.89,6.43,6.36,4.36,54462.76,1356354.14
66691.44,8.71,7.18,2.34,40111.69,1787041.49
64562.88,6.59,9.55,3.86,30439.45,1541817.66
48153.58,7.1,8.18,3.28,40739.11,1047687.36
56518.29,5.68,6.7,4.15,55468.51,1151329.84
78826.33,5.0,6.46,4.4,42677.18,1544779.95
46095.15,5.67,4.1,2.8,45549.01,583381.93
60415.61,6.68,8.07,3.94,20346.75,1144277.84
64322.78,6.38,7.78,5.69,40002.77,1335270.26
87166.52,6.38,6.44,2.37,33502.92,1649929.11
76774.78,5.77,5.54,2.93,29412.76,1125888.53
62644.68,5.61,5.82,5.04,35941.5,856550.89
82486.51,5.8,7.44,4.08,37241.19,1559392.64
60690.58,6.7,6.9,4.17,29965.91,1063736.09
79337.99,6.81,7.69,5.24,38033.5,1603320.66
54100.09,4.98,7.08,3.0,34441.14,642586.83
80021.78,6.73,7.97,3.34,43134.71,1840919.97
64254.43,5.34,7.36,3.19,38421.68,1062041.75
57621.2,6.44,7.83,3.55,39894.04,1235790.98
66268.68,5.79,4.88,5.63,45883.43,920550.16
71538.93,7.53,5.74,1.89,41670.94,1591962.47
63309.97,5.57,6.62,2.51,36102.61,1244975.8
74487.04,6.16,8.08,2.3,15450.27,1340329.35
62369.45,6.58,8.89,5.7,41261.75,1659140.82
75194.93,5.11,6.82,3.22,27112.16,1170835.7
73296.2,5.91,6.37,3.58,35307.09,1294352.22
67933.68,5.72,5.02,1.99,39845.64,1029191.26
63878.75,5.47,7.86,3.66,49393.31,1298347.5
70198.12,5.54,6.43,5.05,54448.05,1512802.26
74447.6,7.08,9.98,4.29,27019.91,1863697.48
90557.66,5.39,6.24,3.85,23103.06,1306683.43
78595.34,6.54,9.12,2.06,39395.74,1931227.53
78985.1,6.29,7.75,3.58,38569.1,1600768.41
101500.36,4.6,5.95,4.16,24234.38,1377980.2
74082.09,6.49,7.22,2.76,35998.22,1570745.49
73748.33,4.58,7.77,4.79,42093.59,1379479.77
76086.39,6.6,6.76,5.07,23953.74,1297152.92
57829.44,5.48,7.84,3.33,26291.74,870933.81
63851.9,5.99,7.81,4.87,29769.71,1190375.36
63188.25,4.7,7.59,3.85,34056.32,799117.38
75485.27,6.1,6.97,5.39,43050.67,1466344.09
66726.65,6.9,5.8,6.48,32922.68,1063965.3
70056.19,5.18,6.91,2.63,36712.02,1165022.56
80173.09,5.38,7.17,4.93,58456.31,1890050.5
77782.46,6.43,5.1,5.59,26671.62,1215555.45
66859.38,6.45,7.16,2.79,29682.04,1176683.0
61442.19,3.57,6.89,3.27,42893.03,736861.84
80682.76,7.98,5.68,3.26,45969.33,1767124.46
76831.13,6.5,6.65,3.82,40279.9,1751910.11
51463.51,6.67,6.68,3.54,54117.0,1252930.43
65245.41,5.84,8.94,3.74,39313.75,1477681.61
70347.06,4.14,7.21,5.01,16550.17,524826.11
76883.77,6.65,8.04,1.65,37125.68,1574047.25
78282.86,5.42,6.87,2.78,30495.99,1276377.0
71608.87,6.52,5.1,4.8,49897.33,1351132.73
74820.57,5.76,7.67,4.66,45736.89,1609620.02
69266.57,6.22,6.33,2.68,20385.32,1008817.28
61401.09,5.21,6.65,4.67,49564.91,1211545.24
65798.44,6.84,5.93,5.61,45486.23,1177266.19
68785.41,4.8,7.06,3.92,32942.71,928413.14
68213.39,8.2,8.07,2.74,35384.46,1730662.93
48486.56,8.2,7.93,5.06,49980.36,1461848.05
64346.62,7.6,8.59,6.1,16595.74,1313963.68
69182.04,7.24,8.74,2.89,40583.58,1775917.99
65584.16,5.9,4.92,4.03,47015.09,1027946.29
65952.35,7.13,5.78,5.32,35282.52,1262621.76
73784.01,5.88,5.16,4.12,42593.5,1293560.13
57083.47,4.44,7.63,1.83,37186.81,862756.52
51231.33,7.47,6.29,4.53,28381.41,1008415.48
64872.21,7.1,6.5,2.78,28133.38,968524.93
76726.93,5.95,6.77,2.42,43228.9,1455869.95
86568.94,4.77,7.38,1.85,29853.61,1490596.81
76918.92,5.4,5.49,5.44,21031.53,855914.55
52934.24,4.18,5.72,2.95,37377.81,396307.93
66106.43,6.92,6.99,4.39,31070.67,1279013.62
71318.21,4.39,8.2,4.69,24261.85,1033016.26
70475.77,6.26,6.96,4.18,36875.09,1309648.68
74330.91,5.14,6.19,4.34,43778.22,1457732.47
58809.09,4.57,4.82,4.45,36362.99,594041.88
69275.16,6.22,7.95,4.15,25580.56,1187914.9
73062.8,5.65,6.25,3.05,40944.9,1145497.3
77383.0,6.81,5.83,2.94,46436.93,1645672.96
59995.66,4.73,5.26,3.85,58127.36,906741.07
64904.32,5.23,5.54,3.82,50473.3,1320677.4
39765.71,3.62,6.02,4.51,26184.82,34438.06
61959.46,3.82,6.75,5.34,44679.47,930009.62
62993.79,7.76,5.77,4.4,38709.0,1355132.79
57716.27,8.04,7.18,2.98,24728.42,1331061.12
70348.09,6.07,6.74,1.3,38979.67,1086870.79
67986.73,5.16,9.23,3.03,55205.87,1561639.5
44504.3,5.68,5.27,2.33,48031.95,771179.94
70879.88,6.84,7.15,3.08,26104.51,1473699.17
58688.92,5.47,7.17,4.28,36299.14,872150.28
73759.47,6.22,5.95,4.08,41042.87,1183123.61
54921.03,5.97,7.09,6.27,18993.71,745088.48
68902.81,5.42,7.77,4.57,19335.78,1071267.98
65565.05,5.46,7.09,6.33,37697.68,1173169.18
71813.46,6.27,8.39,4.86,37827.17,1576865.69
69912.02,5.01,4.79,5.32,17912.72,410042.7
65863.46,6.43,6.14,3.54,40013.64,1198679.82
52209.41,5.51,8.48,2.66,46951.1,1158905.73
52838.92,6.11,7.91,3.43,33996.36,973086.01
62359.93,7.35,7.54,3.97,36756.63,1242281.04
68494.75,5.81,8.24,3.21,41834.26,1533159.17
62100.29,6.89,5.05,2.75,40520.37,1191194.77
75246.51,4.21,7.79,4.49,19601.92,888097.16
65607.06,5.51,8.07,2.74,27179.67,1100227.68
58297.89,6.01,6.32,2.09,32234.15,855737.73
65619.05,7.88,9.65,2.6,27619.29,1658149.73
70990.21,4.04,7.19,3.69,50722.66,1295296.32
72045.62,5.88,4.78,2.76,42460.17,1200696.68
88602.76,7.42,7.38,3.7,25148.98,1920937.95
61453.76,5.2,6.26,4.72,34035.72,973131.04
67799.86,5.77,8.17,4.69,47382.14,1514935.65
73124.63,6.31,7.54,3.17,29749.07,1671372.66
68333.36,6.16,6.39,2.38,44614.97,1498031.17
63247.41,7.53,8.51,3.27,49891.06,1733380.03
52071.02,6.42,7.94,4.79,48233.2,1299370.88
63138.53,7.29,6.15,5.07,37953.51,1095535.51
57139.48,5.62,6.84,4.41,48579.42,1136980.99
50180.83,5.25,7.51,5.46,30979.79,907757.2
60102.65,5.76,6.62,6.11,60835.37,1662269.55
57423.1,4.83,6.65,3.39,38553.43,821048.28
74805.0,6.46,7.03,5.81,47544.93,1695528.04
74989.44,5.6,5.91,3.66,32570.06,1216538.98
58949.45,5.31,4.73,5.23,41119.69,952795.95
65809.48,6.47,7.23,4.85,41556.88,1304328.19
48777.85,4.85,4.98,1.55,26944.33,530433.43
63314.32,6.74,5.99,2.79,26650.45,977852.99
72835.35,5.51,5.2,2.48,34133.31,911508.26
77375.19,7.13,5.33,1.79,47133.43,1571508.27
60983.34,5.59,7.42,5.06,17986.08,738494.33
79793.67,6.61,6.77,6.52,32561.72,1577443.14
52428.76,6.16,6.73,3.66,49163.49,949235.11
55285.78,6.72,5.66,5.03,23934.12,771317.92
76146.58,6.09,6.33,5.81,48607.96,1627441.81
86393.81,4.33,7.37,4.24,24969.65,1405697.29
73842.0,6.98,6.94,3.95,27066.32,1467813.39
68153.03,5.89,7.82,3.68,34701.82,1464713.54
45186.73,6.76,7.96,4.64,54757.08,1235463.06
47027.76,6.66,6.74,5.06,29810.93,830771.54
69962.25,5.21,5.12,4.55,18963.34,460591.92
64766.77,5.07,6.23,4.51,22248.78,722272.73
56797.01,6.63,6.89,3.92,45412.59,1287740.85
69281.45,5.68,6.21,2.02,22717.2,976213.25
69810.07,6.91,5.92,5.08,47953.55,1340701.07
78648.58,5.8,7.06,2.4,36855.67,1431296.16
70038.91,6.99,9.44,4.74,35842.71,1736546.99
81675.23,6.4,6.5,4.91,39113.74,1561985.87
68668.2,6.27,6.99,2.58,28213.87,1264070.7
67353.76,5.61,5.66,3.23,37531.38,1016087.54
79926.44,6.21,8.25,6.59,24321.75,1538964.11
58154.78,7.16,7.87,3.88,49550.74,1499200.03
98579.38,5.93,7.8,2.48,25967.09,1950816.96
72582.49,6.51,8.36,4.97,40518.89,1790042.4
72641.88,6.03,6.56,3.03,25893.1,1120485.42
74179.47,6.1,6.68,1.62,30870.94,1569667.12
88589.52,7.69,8.72,4.62,32452.72,2056860.71
77029.54,7.17,7.63,2.85,65752.88,2270007.69
51476.31,6.06,4.75,4.38,36019.62,543016.08
83541.19,6.19,7.45,2.98,28009.32,1630992.35
64949.72,5.29,6.4,4.85,31750.79,1008523.53
69725.06,5.81,7.9,4.21,21229.12,1047200.98
54948.71,6.29,7.4,1.0,34547.35,1029987.76
74191.26,6.82,5.23,4.45,54535.04,1779079.22
61640.65,6.72,7.26,3.62,39498.19,1241544.24
69650.61,4.88,7.2,5.72,45129.25,1317299.99
65555.07,6.95,7.36,4.47,27131.81,1303459.98
89099.79,5.89,7.57,4.91,34144.83,1732697.07
89709.93,5.0,8.5,3.11,38186.73,1601438.91
69078.74,7.3,7.41,3.01,28964.33,1517308.54
69264.87,7.43,7.01,3.95,40133.07,1584149.7
64602.84,6.24,8.15,3.54,42271.13,1568482.49
80370.82,6.68,9.26,5.63,41550.77,2021714.61
65077.37,6.74,7.91,3.79,34663.5,1412832.21
64092.39,7.36,7.2,2.47,46990.29,1621202.87
79012.84,6.7,7.43,2.96,33606.15,1523247.28
62845.81,4.67,7.25,5.17,32700.95,1066453.77
68180.61,7.97,7.01,3.77,50470.27,1767019.7
51729.39,7.04,9.18,3.71,25176.36,1141190.1
76088.26,5.48,6.23,5.28,19261.03,1129580.32
89268.76,4.96,8.16,2.85,27549.92,1578546.06
76269.82,6.48,6.86,1.23,40006.38,1527283.29
84162.86,5.7,5.49,2.93,48902.64,1607435.43
59565.24,6.31,6.8,4.28,29607.35,1067850.88
71101.74,6.72,6.44,3.67,54175.26,1636326.09
58530.8,5.42,7.57,2.06,36432.93,1122279.09
66155.47,4.88,7.08,5.23,35016.37,904149.19
76813.23,6.36,5.96,4.18,27727.36,1279781.44
69668.2,5.45,8.48,4.46,55530.2,1761255.36
53527.07,6.12,8.09,4.5,34671.38,1142803.3
54567.42,4.65,8.59,2.38,22943.02,514616.79
53862.55,5.73,7.23,4.35,60555.36,1298462.92
73820.9,6.69,6.95,5.1,40070.18,1432729.35
90579.99,6.58,7.7,5.38,44091.39,2178264.45
83104.08,5.2,6.41,4.87,52852.49,1597541.72
48375.59,4.82,7.12,4.61,42261.54,871295.4
83728.83,6.0,6.81,1.84,45838.78,1594234.6
78563.16,6.54,5.51,3.96,36702.18,1440509.92
52113.19,6.38,7.12,2.8,43445.29,1103594.0
65351.48,5.47,6.54,5.56,35823.98,1335890.69
80259.08,6.27,6.75,5.37,35962.41,1655385.07
74449.52,7.47,7.36,2.81,37351.19,1809066.32
54630.66,6.18,8.28,3.92,32224.61,1300571.58
75092.29,4.36,6.13,4.29,41168.95,1143099.85
45801.52,6.18,6.65,5.09,41143.81,837908.82
66208.16,8.0,6.22,1.92,44290.75,1551223.28
80711.34,4.71,6.15,1.26,42511.09,1339583.97
68779.05,6.01,6.39,4.03,56013.43,1228271.93
63265.32,5.76,6.79,1.0,46610.35,1243959.98
78061.65,6.07,7.58,4.18,34106.02,1551112.53
78971.9,6.17,7.31,4.71,40659.73,1616634.02
82545.4,7.11,5.92,5.5,50184.03,1686543.53
77901.74,6.06,8.3,3.21,26734.52,1481035.88
80108.29,7.24,7.94,4.18,56154.35,1990196.47
76394.34,5.86,6.08,4.78,28474.7,1367976.29
71413.0,5.63,8.23,2.53,45098.23,1528959.12
69536.99,5.32,7.32,5.11,36228.51,1017349.65
66054.29,4.18,6.83,4.32,35657.5,871502.92
55661.58,6.25,7.35,3.24,23231.59,969870.69
58401.29,8.01,6.96,4.15,45169.94,1534015.36
65577.29,6.43,7.54,3.81,23376.05,1058427.25
71156.4,6.66,7.18,4.94,21843.51,1174489.05
83939.18,5.57,6.65,3.54,47673.05,1634342.24
68137.53,5.74,4.94,4.26,53924.84,1195503.91
79278.05,6.95,7.52,3.22,29540.59,1493904.83
80086.35,7.97,6.61,2.83,46118.86,1936759.16
66116.24,7.45,7.78,4.19,44068.52,1539386.57
74921.21,6.78,7.48,2.88,35254.68,1672365.51
65987.48,6.01,6.64,4.96,49420.98,1485819.95
82674.32,6.19,8.02,4.71,34539.05,1607546.47
75359.82,5.23,7.2,3.04,41299.53,1320322.92
55894.82,4.55,7.16,4.24,23719.33,549119.55
70304.53,4.86,6.85,3.03,24143.53,916495.47
86148.58,6.03,8.69,2.01,47765.77,2057968.96
66651.44,5.69,6.27,3.25,41633.71,1218460.58
73354.75,4.53,6.66,3.92,34749.12,1114242.56
74400.98,5.94,5.74,4.62,55098.36,1679031.75
57534.67,5.66,7.72,4.16,54993.86,1360695.63
74026.13,4.82,6.4,5.1,40521.74,1061328.99
53727.5,5.61,6.52,2.77,21715.62,446713.55
61915.1,5.66,6.47,3.52,35055.38,1154079.87
80048.06,5.37,7.05,6.0,27899.63,1352190.9
72385.31,6.9,5.73,1.6,37051.42,1373958.49
65337.88,4.1,4.72,3.42,26870.25,514785.74
73341.38,4.01,7.45,2.66,24290.46,936220.68
67942.54,5.98,4.86,3.74,13706.56,695373.25
68717.06,6.08,7.85,3.45,37823.03,1378036.16
75583.37,6.38,8.56,4.72,13347.78,1436420.14
60830.71,5.45,6.82,4.29,32984.61,893232.26
69012.91,5.07,8.3,2.37,43054.89,1298407.72
65254.85,5.97,6.97,3.26,28996.2,912101.64
51683.64,5.54,8.61,3.98,25396.08,842259.65
58772.78,7.52,6.53,4.89,35489.62,1371147.67
85296.94,5.66,4.6,6.97,27939.09,1119712.53
72683.38,5.93,6.91,4.84,38005.65,1229653.09
54476.2,8.43,8.72,2.73,25912.16,1446286.58
52165.9,5.79,7.53,3.86,35125.9,867832.73
67387.56,6.53,6.47,4.2,32724.77,1371881.76
85222.13,6.62,7.32,3.34,36048.65,1874989.81
66592.53,6.7,7.97,4.56,52391.88,1584314.94
82513.0,6.27,6.9,1.19,38146.12,1609378.13
72333.88,6.17,9.64,4.66,41169.61,1705676.0
73605.59,6.08,6.47,3.39,29961.93,1116410.13
54346.89,5.41,8.0,3.85,38378.82,1019346.42
78575.12,6.3,7.76,5.78,33435.58,1674103.33
65013.29,7.99,6.28,2.43,36457.34,1426475.65
77781.84,7.18,6.56,4.32,42603.78,1656827.35
59905.58,6.28,8.02,4.96,31198.18,962244.12
70469.99,6.83,7.14,4.19,32212.4,1338918.83
72334.65,5.12,7.33,1.99,31335.33,1225696.64
66941.31,5.72,5.34,5.64,31143.73,782150.69
72894.64,6.92,7.65,3.72,37882.36,1748828.04
65743.74,7.45,7.28,3.33,32550.48,1368579.2
61665.32,5.22,6.93,3.6,51030.22,1230298.12
85694.24,5.5,7.35,3.51,62753.69,1964596.97
79762.74,8.14,6.58,2.52,30526.17,1604799.62
60473.7,6.08,6.39,4.18,39080.98,1124897.08
74641.48,7.79,6.75,3.25,46465.23,1759111.38
60667.53,6.18,6.52,4.81,33525.44,952534.67
55956.63,6.22,9.19,4.62,26293.67,918812.68
79601.34,5.68,7.91,5.98,53414.37,1964806.08
50420.71,6.91,6.01,3.72,42973.11,1014349.09
78461.43,7.32,9.05,2.99,39326.0,2107674.1
65889.49,4.96,6.55,2.17,50559.43,1264697.58
66328.34,5.63,7.02,6.68,43807.56,1399177.6
72950.13,6.89,7.9,4.79,35687.24,1559097.28
74777.42,5.85,5.0,3.13,26469.94,850357.27
59775.83,5.49,6.75,6.06,31266.68,976047.36
76232.52,6.98,6.41,5.65,48120.87,1724339.54
69791.3,7.07,7.2,2.32,42932.7,1550174.87
55195.97,5.53,7.36,3.05,34310.33,996228.42
66772.48,6.19,6.91,3.82,53696.14,1550605.69
83304.67,4.78,6.87,2.66,34602.58,1409619.19
86452.15,5.09,8.07,3.86,45964.12,1684144.51
76228.5,6.1,7.29,4.86,38346.89,1622494.93
55896.32,6.01,7.03,2.29,55347.56,1292021.51
73811.89,5.02,7.14,4.34,43636.98,1464314.25
77651.48,5.27,8.84,5.42,36621.13,1679989.12
76317.6,4.93,7.16,4.47,34388.4,1325198.68
76949.04,6.43,6.47,3.89,36010.43,1444360.96
72454.66,4.03,5.06,3.16,28963.43,755679.05
67811.23,4.98,5.54,5.0,22598.47,817592.15
62099.02,4.14,6.52,2.53,39227.2,871872.47
48354.8,6.39,6.88,4.28,30867.83,827953.58
72202.9,4.2,6.43,4.01,30841.46,974710.45
70565.95,6.01,7.34,5.36,35281.26,1296203.43
74525.64,7.6,6.42,3.26,36681.32,1749055.92
54327.46,7.64,6.07,3.37,36236.21,951582.82
75457.59,4.19,7.61,2.45,53415.58,1459609.33
90480.34,6.28,8.37,4.52,42737.12,2016316.94
69419.12,5.0,5.87,3.46,57083.07,1241236.8
67925.77,4.8,7.24,2.92,31806.02,1051487.41
71876.35,5.87,5.07,3.04,43941.43,1088637.98
90243.65,7.2,5.5,4.64,32357.63,1910102.0
57672.96,6.57,6.4,2.62,30593.77,834654.68
70748.78,5.27,8.14,2.73,57457.51,1563390.94
60060.25,6.68,6.2,5.08,28539.13,885245.26
62753.02,3.76,6.17,3.78,14013.04,360128.82
68054.47,5.23,7.03,5.16,29136.6,1136088.2
82942.77,5.16,7.03,3.54,16230.39,1195719.55
87777.96,6.06,6.2,3.98,26721.1,1600040.09
73359.3,5.78,9.0,4.17,27640.74,1370379.09
64569.25,5.84,6.72,5.69,36513.17,1201159.89
95150.61,5.81,7.1,5.59,15820.75,1488953.96
64026.12,6.0,6.58,5.4,48032.83,1330595.01
62495.83,6.51,7.43,3.21,17545.99,1104652.92
49665.66,6.13,8.24,2.77,34895.07,845822.06
83462.54,5.7,8.67,4.92,32945.76,1898939.87
78902.56,6.38,6.22,5.67,44354.6,1575055.64
94351.97,6.8,8.1,5.41,39652.07,1987411.12
53773.46,5.43,7.55,4.0,47942.71,1036519.32
84124.18,5.92,7.97,4.88,32575.58,1670175.03
69330.5,7.13,6.9,4.9,31550.39,1323932.0
77174.42,4.89,6.8,4.16,40259.95,1108228.51
51020.99,7.77,7.94,4.22,46377.83,1463925.97
84229.82,4.65,7.95,4.1,44351.81,1556877.57
76965.7,5.64,8.57,3.01,39357.01,1695984.23
68168.3,5.04,7.19,3.14,38472.18,1055089.28
75458.61,8.15,6.88,3.12,35802.83,1976066.84
60424.35,5.48,4.51,2.01,40231.56,815711.4
62407.33,5.48,5.36,4.16,56359.72,1182138.0
63643.61,5.61,6.59,3.93,33755.46,1078283.67
48836.63,6.07,5.88,4.92,32545.44,488169.48
77767.62,5.65,7.81,5.53,31785.52,1399766.04
81283.0,5.85,5.67,5.61,40027.52,1598830.97
61108.07,2.49,6.48,5.72,15104.68,124439.97
72294.15,6.04,6.52,3.05,34822.51,1270815.33
65752.87,6.0,8.21,2.22,44903.42,1439954.98
72081.74,7.01,6.38,5.12,30940.16,1506485.61
61894.28,7.28,7.45,5.68,38016.04,1400092.91
59167.45,5.79,7.19,5.89,57098.15,1256682.0
79796.01,6.79,7.9,4.58,39454.13,2061966.1
67902.27,4.89,7.85,1.52,13938.68,697487.2
90134.64,6.74,6.96,4.43,22169.9,1630178.58
69076.57,5.41,5.28,4.66,33671.79,855971.51
58712.86,4.81,6.76,5.52,28185.03,646976.35
81659.74,5.8,6.97,5.74,37189.08,1430230.06
75306.07,7.37,7.28,5.1,33239.33,1579189.0
76330.01,6.16,6.25,3.26,47736.26,1645240.34
81272.42,7.46,8.14,2.71,25331.54,1566034.91
61625.5,5.24,7.0,4.64,34103.57,1094609.06
67226.73,7.02,6.06,3.01,38319.29,1434386.55
66755.69,5.33,6.53,5.79,39548.76,1172932.86
54826.22,6.2,8.94,1.88,37620.04,1275633.36
65773.66,6.19,7.66,4.68,12231.11,989948.86
82826.13,6.63,8.05,4.37,36989.67,1966369.31
71112.55,6.23,5.94,3.73,34666.76,1036456.23
54236.68,5.25,6.29,2.84,44739.29,954568.42
52000.86,6.85,6.3,1.44,43338.48,998218.09
86326.18,7.69,7.18,3.33,38553.38,2070287.71
67620.38,5.4,6.81,3.35,39271.15,1115042.66
61682.9,4.16,6.5,5.35,49585.4,1039152.31
65662.8,6.47,6.62,3.02,47579.69,1257364.44
52837.85,5.65,6.19,4.54,38895.67,651201.51
83750.35,5.85,6.81,2.39,57456.28,1858692.31
64393.84,6.53,8.11,4.57,29928.15,1455326.71
83156.77,5.53,5.46,1.23,24397.48,1188360.72
69133.5,5.71,7.34,6.56,36055.43,1336259.79
83818.95,5.88,8.38,3.81,32452.94,1778227.32
71318.85,7.44,6.8,1.0,11694.49,1123470.78
77676.75,6.01,6.46,3.1,29688.12,1363341.44
76247.09,4.76,7.92,2.9,39573.08,1336873.25
75226.04,4.8,6.0,3.17,35587.07,1052876.53
72291.29,6.12,6.97,3.53,28456.62,1229956.37
66101.28,4.86,5.94,3.16,36583.08,852596.45
88997.7,4.43,5.1,2.98,37384.49,1231939.97
58916.87,6.61,6.84,2.55,43260.11,1223155.69
68628.91,6.66,5.71,4.99,29796.11,1059092.52
68741.65,5.62,6.98,5.46,44836.03,1331327.82
72872.21,6.27,8.12,3.67,25338.37,1395162.06
64005.68,6.17,8.86,3.96,31166.98,1242294.41
71937.57,6.58,7.08,2.59,53025.51,1743711.05
66783.48,6.58,8.02,4.07,26001.01,1249135.47
51722.55,3.4,7.39,4.26,29624.73,452392.65
68684.81,5.74,6.6,3.71,23725.87,927347.6
56853.17,6.49,5.05,4.47,27952.38,843852.9
50097.92,5.57,8.63,4.36,37536.25,1121441.77
70041.8,6.02,5.93,2.68,43175.43,1174042.31
73782.86,6.72,8.39,5.45,35978.02,1725084.57
74196.55,6.06,7.53,3.72,32940.45,1562643.77
74627.91,7.47,6.0,6.04,23828.47,1245038.71
47985.47,7.1,7.31,4.5,28946.23,850939.51
54077.28,5.86,9.14,6.4,20818.59,1045687.98
89616.79,5.78,8.54,5.43,43473.35,1860970.44
57421.85,3.16,6.47,4.26,44163.28,546293.75
75093.34,5.66,6.27,3.09,35761.56,1157101.32
61261.62,4.64,7.09,3.12,40544.4,1042071.71
69432.15,6.2,6.82,4.64,44859.61,1366027.65
61833.78,6.13,8.2,4.16,37167.5,1282453.67
74567.91,6.67,7.74,3.26,49994.59,1734045.31
70040.74,7.36,5.28,5.0,26001.86,1280212.53
63805.13,5.95,7.45,4.03,32702.45,1078770.84
57390.27,8.24,6.81,5.01,31520.66,1166455.48
71436.94,6.21,7.03,2.78,42586.84,1321298.57
55657.84,4.68,7.24,5.21,21929.15,663804.03
73139.09,5.42,8.2,4.6,50534.15,1718636.02
96576.08,5.61,7.98,5.45,41738.61,2142765.0
82973.11,6.57,6.23,5.18,53534.67,1721761.67
76239.15,5.04,6.93,3.88,35760.33,1241748.68
67670.6,5.69,6.54,3.78,30701.08,1303599.52
47919.77,5.82,5.29,6.17,42684.78,664401.38
54490.07,5.54,6.88,3.62,46391.36,976667.3
82255.01,6.78,8.85,4.9,29072.37,1813085.21
60165.78,6.61,5.26,3.51,16336.85,730323.72
61130.37,7.13,6.97,1.69,18037.32,1063957.16
66817.5,5.65,6.93,2.47,38757.25,1143256.54
57263.71,7.17,7.28,4.48,51449.38,1430092.18
55508.1,4.63,6.02,4.84,23252.18,422731.64
68045.05,4.61,5.55,4.48,33459.76,742236.4
59081.08,4.78,5.6,5.39,32704.64,523907.54
60685.22,5.99,8.33,4.46,55224.28,1735082.93
60257.07,7.17,6.0,3.03,58580.56,1460456.6
74150.32,5.38,6.49,4.71,40375.69,1258875.63
66109.0,5.51,9.12,4.19,45075.65,1500493.3
66679.78,5.77,6.25,3.27,44799.73,1222652.59
74945.25,6.55,7.34,4.56,23455.81,1391424.98
67069.14,5.51,8.06,4.08,43095.84,1347753.85
65617.37,5.45,8.02,3.24,26043.41,1200709.69
73597.06,4.65,5.65,3.76,34460.51,1026305.93
75704.65,5.41,6.27,5.72,47474.89,1397251.29
67015.49,7.15,7.3,5.68,36966.26,1412223.0
69442.12,6.07,8.94,4.21,47105.28,1813983.22
60250.68,5.25,6.22,4.05,49058.19,1054539.85
59409.84,7.2,6.49,2.22,18725.43,816583.75
76780.57,5.4,7.41,6.09,14549.35,1179460.68
73325.19,7.39,7.62,5.25,47696.77,1782384.69
73435.57,7.37,7.68,4.9,48096.89,1954260.4
71576.35,6.04,6.14,1.18,38709.7,1017113.41
69075.43,4.5,6.45,4.03,40055.74,991815.26
76005.36,8.25,7.21,3.82,45026.5,2075851.29
78549.39,6.36,8.26,4.82,44841.51,1834885.67
78294.87,5.66,6.75,3.43,33143.97,1407032.37
67508.91,6.93,6.97,3.69,45649.81,1450352.01
83365.57,6.68,5.95,4.74,32724.25,1557504.58
71017.93,7.28,8.87,3.03,38580.24,1797182.53
75322.87,5.32,7.15,3.27,38148.22,1376782.31
71589.49,6.3,8.08,4.22,27633.07,1591677.47
71215.6,4.81,7.02,5.63,28788.85,1157896.73
60741.36,6.64,7.08,4.97,58336.53,1636482.44
76058.0,5.96,5.47,5.3,27311.03,1188999.97
98908.15,6.26,4.82,4.06,39834.85,1665351.73
64588.43,5.84,8.25,5.82,41917.51,1357220.31
69339.66,5.73,7.07,1.84,35624.9,1086006.73
63827.34,5.12,7.2,6.47,42827.54,1030446.38
63381.68,6.76,5.73,6.63,39428.16,1097853.34
85043.74,7.45,6.08,4.54,27525.75,1619366.33
61410.47,5.43,8.06,5.0,41490.91,1115011.58
63530.25,6.53,8.75,3.93,30756.79,1377113.05
51663.5,6.41,6.36,3.72,53439.14,1144058.81
60508.37,5.99,7.67,3.23,40422.07,1127549.11
50374.87,4.47,7.18,3.92,29213.98,698526.99
75316.77,4.69,6.87,4.66,39560.22,1107154.06
98422.17,5.21,8.86,4.5,26983.82,1984102.56
64674.94,3.86,6.53,6.42,38721.46,600076.17
50818.69,7.37,8.24,4.1,33922.95,1219254.25
78175.2,6.34,7.38,2.15,27956.3,1331511.18
60835.43,5.95,6.97,6.0,27831.54,907116.5
82431.44,3.81,8.38,2.48,60329.72,1923452.01
65577.13,4.17,7.28,3.29,37070.07,920033.24
61849.11,5.98,6.89,4.31,31877.99,935870.04
66686.33,7.93,8.38,4.49,30159.18,1675575.66
76659.38,5.29,8.25,2.2,40839.32,1512867.3
66159.15,6.84,8.2,3.06,29825.93,1420353.91
63288.91,5.5,3.06,2.16,25298.92,335733.99
66463.85,6.03,7.43,4.74,35841.29,1195807.73
55027.57,7.18,7.2,5.44,35766.31,1118414.53
72814.56,5.64,6.95,2.48,32023.93,1311348.41
49540.07,5.3,7.61,5.2,27316.92,667249.0
63849.55,7.38,7.25,5.12,32282.61,1267290.9
76676.53,6.03,7.67,3.17,31501.85,1475894.95
71812.89,7.06,6.72,1.54,30124.99,1391328.21
74874.64,5.3,8.5,2.66,38907.26,1572060.06
67889.74,7.37,7.78,3.25,58258.31,1862964.42
81050.15,6.25,7.54,5.88,49380.77,1844875.76
78438.44,6.41,7.49,3.83,55436.55,1945742.68
73337.97,6.11,8.16,2.74,30528.66,1344192.3
78468.78,5.48,8.02,4.16,52784.28,1865750.27
76581.01,5.98,6.88,2.39,38418.71,1457398.41
63899.2,5.54,7.99,4.61,45952.66,1257410.56
54259.73,6.93,7.17,2.78,40705.71,1092150.98
73063.22,5.78,8.93,2.96,32756.07,1502937.02
74403.22,4.5,8.1,4.44,43304.01,1339761.38
80205.25,4.32,6.36,6.13,40975.94,1321780.92
58603.69,4.27,9.34,6.68,18613.75,771281.49
58922.26,6.59,4.87,2.7,34931.07,909658.21
73484.62,4.84,7.63,3.25,44821.61,1309537.7
67824.5,6.28,6.29,4.61,38916.41,1255422.22
48484.55,6.12,8.89,5.42,40822.5,1295613.99
72580.9,5.92,7.25,1.32,28705.12,1239434.5
48839.88,6.41,6.19,4.09,38705.89,800177.01
58508.46,6.14,6.72,3.38,35206.8,941511.37
82989.22,3.3,6.27,1.61,34143.73,1010987.1
88032.56,5.66,6.68,2.34,29421.38,1629953.08
55626.53,6.4,6.66,3.28,45243.01,1017532.66
65072.34,7.6,6.23,4.05,39591.78,1413248.39
69037.27,7.65,7.26,5.22,38590.14,1453124.65
87567.32,4.63,7.39,4.42,56517.04,1772139.2
63330.0,5.63,5.98,5.15,40865.46,1075844.35
63500.37,4.43,5.32,4.01,48077.93,722930.88
85089.32,7.48,7.3,3.11,38871.86,1902158.49
64588.5,6.98,7.53,3.75,32657.85,1386979.52
76280.23,6.33,7.73,4.84,25651.06,1435522.28
52839.61,6.14,7.55,5.25,38558.8,1097549.16
66758.0,7.35,8.58,3.8,9727.87,1146645.65
50895.02,7.18,8.0,2.84,38867.24,1274158.05
57334.19,7.13,9.7,4.39,39293.33,1532653.51
77527.21,6.43,10.12,4.57,34003.64,1956221.34
68051.11,5.63,5.21,5.5,35246.26,741683.41
65181.97,6.74,4.77,3.15,23745.14,828559.38
60602.83,6.79,6.98,3.16,49915.12,1444536.57
66231.25,5.79,7.5,4.91,32815.78,1334669.76
71792.26,5.63,6.91,3.48,26514.98,1131058.89
79058.92,7.1,7.7,3.43,41568.76,1863207.69
40604.19,7.63,6.72,5.52,37262.25,961118.45
59718.09,5.24,6.29,2.29,32606.53,936920.5
70278.65,5.72,6.44,6.51,31557.47,1092590.99
67529.32,6.33,6.79,3.23,36107.04,1134276.05
72882.18,6.46,7.84,5.05,49520.22,1589276.62
71434.44,5.46,6.5,3.85,40823.25,1321101.3
65333.72,7.84,6.7,4.31,35821.5,1485968.54
62967.8,6.4,7.57,3.66,44623.41,1387884.64
65966.45,6.51,6.79,5.03,36436.25,1221363.88
80826.3,7.72,8.12,3.55,40148.41,2031659.88
60781.26,5.54,6.06,3.28,37662.94,955723.12
67913.61,5.89,5.84,6.21,42016.57,1241422.87
70537.06,4.74,7.3,4.02,31754.87,965941.48
85213.22,5.81,7.4,3.15,24855.02,1296655.85
65382.31,4.51,6.12,2.15,45163.47,891396.57
78801.96,6.72,8.35,6.27,51099.41,1872005.67
81713.44,6.4,8.93,3.3,25326.08,1548636.93
67903.51,5.71,6.36,6.52,37942.47,1321065.56
66337.16,5.88,8.49,4.47,31707.96,1093146.6
65075.95,6.73,4.58,4.16,44930.53,1203042.15
65856.44,4.86,8.08,4.19,38610.96,1285662.76
77687.49,6.18,6.12,6.71,69188.16,1998406.75
71045.1,6.67,7.98,1.28,33171.27,1529949.31
71090.72,4.22,6.02,4.24,51420.63,1278325.58
56590.37,6.66,6.92,3.65,52386.71,1536712.86
58271.49,4.32,6.17,3.72,41458.95,723961.57
91427.86,5.86,6.77,4.16,36531.05,1764180.18
66687.73,4.83,8.84,3.65,37104.26,1404576.82
60325.48,7.4,6.88,4.21,36264.28,1225124.6
83835.65,4.83,9.12,3.95,47411.0,1814161.68
71586.52,4.35,6.6,2.36,27502.08,818505.77
74744.98,6.11,8.5,4.45,34565.23,1628595.32
67111.69,5.57,5.35,4.86,33362.3,738363.74
65186.58,4.49,6.7,3.31,19030.52,796629.92
66775.55,6.5,6.45,6.28,44687.73,1436813.12
53845.78,4.01,8.54,5.62,46712.47,1040401.11
67645.87,4.95,7.18,5.02,29868.38,772681.61
71738.12,5.41,4.88,5.0,46387.06,1038760.87
88305.24,6.77,5.67,4.02,20445.2,1570733.71
69499.58,7.26,5.97,5.38,36400.75,1362303.44
43705.34,7.07,7.93,5.91,34909.88,840310.16
67581.3,5.83,7.8,4.97,37033.91,1358317.77
97780.64,3.58,6.69,3.28,36982.26,1542913.22
77816.73,6.37,6.44,3.93,35398.36,1503463.56
59940.55,7.44,7.71,4.69,32314.35,1337109.13
74883.01,7.2,5.85,5.01,35084.09,1563983.8
60674.62,6.44,7.45,3.88,49692.97,1364406.44
54154.12,4.8,7.37,3.28,30419.21,775175.59
64870.08,5.46,6.71,5.93,58547.25,1427324.33
69558.49,7.89,7.39,2.66,29858.99,1539184.17
48629.57,4.58,7.09,2.82,38545.59,616644.21
56335.26,4.84,7.49,2.35,41832.22,926996.28
68693.16,6.91,5.64,2.82,33267.32,1214984.67
64232.69,5.55,7.61,5.51,49882.95,1362953.18
72790.9,4.81,8.03,5.56,41574.23,1452256.17
55637.06,7.49,7.31,3.89,34129.34,1192215.74
76194.02,6.44,7.6,4.59,49772.8,1945462.26
55966.5,5.6,6.88,3.97,26084.24,709577.52
86091.26,4.85,7.89,2.51,30550.58,1570925.64
50296.45,8.01,7.06,6.71,41746.51,1402969.66
56938.56,5.96,5.83,5.67,44117.55,1013610.01
73031.34,7.36,7.82,4.42,39365.02,1748675.16
86320.4,6.86,5.34,2.93,34900.62,1498030.2
71940.73,5.46,7.28,3.7,33667.42,1199792.14
74581.94,5.47,6.6,3.13,47392.15,1456546.54
68769.91,7.41,6.54,4.1,38548.92,1483338.7
57643.65,7.43,7.16,4.36,27506.03,1278788.23
63359.11,4.12,6.27,3.56,26933.72,576420.79
55666.47,6.52,7.51,2.19,51184.1,1326774.98
54954.51,5.86,7.05,6.6,29029.29,693618.24
72864.84,4.96,6.37,4.27,38869.86,1222115.74
56612.17,6.24,8.34,4.54,49570.75,1478200.46
71988.81,4.64,7.2,3.46,41543.41,1325191.31
54708.17,5.52,7.63,2.06,28643.4,955589.43
71741.85,5.19,8.42,3.88,26082.24,1305900.14
63374.62,5.49,8.4,3.58,54721.64,1611274.91
83574.71,5.91,7.58,4.85,25829.44,1555938.35
72033.2,4.97,6.68,5.09,30671.8,1135389.69
81753.97,7.54,5.55,4.92,39860.1,1504443.48
60529.32,6.47,7.2,5.2,33990.63,1060105.68
69181.38,7.76,8.1,6.2,41858.02,1672558.23
58126.57,5.82,7.35,4.46,21595.36,967305.0
64174.8,5.44,3.51,5.33,34074.79,552685.8
65789.49,7.72,7.87,4.59,42889.06,1641775.65
60846.8,5.41,7.93,1.64,42922.65,1219829.21
55628.17,5.8,6.69,3.79,30481.4,711865.78
53517.73,6.69,7.99,2.91,26022.53,1063702.76
43645.96,4.75,7.62,4.26,38284.1,427849.97
57324.46,6.68,6.3,3.01,23136.81,738441.7
75270.83,6.56,8.27,4.72,48909.39,1878301.55
51546.2,7.24,5.71,5.19,37725.28,853879.83
54001.55,6.86,6.93,5.46,29247.15,1120106.09
87670.4,7.27,6.83,5.97,25697.07,1720284.89
61799.23,5.87,6.16,1.92,29879.91,1014722.66
72004.71,5.13,7.3,2.51,20660.83,1035070.98
75428.82,8.07,8.31,7.58,41073.68,2001340.46
75644.2,4.47,8.25,5.22,28194.75,1107681.06
52358.17,4.57,7.72,4.26,40129.74,930288.89
66120.37,6.54,5.28,4.02,41498.14,1222816.21
51335.93,7.59,5.64,3.91,45750.52,1350087.16
94655.86,6.17,7.16,1.6,38662.59,1994366.83
51584.82,6.97,6.96,3.03,47330.95,1187867.37
57415.12,4.0,6.49,3.84,49920.15,879847.58
57492.28,5.49,8.91,3.1,38725.79,1261846.21
52631.59,4.12,7.1,3.26,39324.38,796046.22
82998.95,6.75,7.54,7.13,30630.07,1827103.16
94401.45,4.45,7.99,3.67,26360.82,1527314.15
63512.47,4.71,7.05,4.32,48887.59,1030667.8
54509.93,6.49,9.61,4.28,42175.01,1274563.34
44741.85,7.03,6.04,4.71,42979.78,803075.13
65981.29,5.82,6.38,3.39,30300.21,961475.38
65211.18,6.54,6.04,5.51,52280.42,1570818.94
61641.49,6.51,8.57,4.53,33894.01,1517111.39
70942.42,5.77,7.8,2.4,28204.73,1353338.18
72794.76,4.9,6.44,3.85,30469.28,1149592.89
72026.42,6.54,6.12,3.77,51757.08,1492725.92
65213.74,6.59,8.39,3.71,25135.85,1145596.38
56841.91,6.87,7.36,4.61,28708.11,992548.62
75679.45,6.29,8.41,4.76,64930.7,1880433.6
68716.37,4.82,6.93,4.62,45502.8,1105558.48
78051.11,6.66,7.51,4.4,28887.42,1486200.24
77003.63,5.98,7.29,4.09,25429.63,1339261.92
53429.86,5.5,6.36,1.33,19561.48,541177.0
53297.06,5.69,6.84,4.94,37126.86,821494.86
60530.45,5.3,5.79,4.58,43388.6,1004757.83
57325.32,6.86,7.49,2.77,51237.07,1389872.36
76632.47,4.58,7.76,4.33,17365.21,1020422.64
72327.26,5.0,7.99,4.78,23008.59,999916.08
80298.1,5.65,7.66,5.42,34976.46,1642721.83
72808.76,7.58,6.86,4.61,63830.63,2028926.94
70806.79,7.02,8.56,4.38,44955.58,1880399.02
81369.72,4.36,7.89,5.14,39863.04,1323652.48
73589.35,7.32,8.39,3.6,24005.63,1597507.93
69308.82,7.32,8.46,4.49,15122.15,1419865.95
84361.67,4.82,6.86,3.22,36548.58,1200379.3
69810.6,3.48,7.38,5.35,35176.76,1037698.98
65339.34,5.91,7.77,2.0,33505.01,1111345.62
59653.48,7.09,5.83,4.98,32387.2,1082526.26
76075.85,7.56,5.85,4.0,28735.59,1614177.99
81767.48,5.12,5.68,5.17,26459.9,1200611.6
68043.84,7.71,6.88,3.02,49953.86,1585428.56
82522.76,3.77,6.65,4.09,27364.21,1013300.14
47586.58,5.62,5.54,4.05,33422.23,661448.75
67991.98,5.57,7.14,4.51,35775.15,1119382.09
68155.67,7.12,6.89,2.69,43172.83,1501125.97
60834.69,7.27,8.18,4.76,27708.58,1292202.54
93990.19,6.92,9.02,1.71,45870.33,2415762.85
67877.52,4.64,7.45,3.16,30409.81,846261.54
64237.41,6.83,6.29,2.06,34556.17,1261829.65
68859.7,6.48,7.64,5.0,52470.75,1624093.38
47237.01,4.33,7.0,4.47,26543.41,392407.04
60484.33,3.93,6.75,4.54,43317.98,816022.92
79062.37,7.01,6.12,5.79,46133.76,1771392.38
61879.7,5.8,6.52,3.59,39238.74,1080774.69
59748.85,4.71,6.81,4.73,34996.51,975345.49
82539.92,5.77,7.8,4.06,57260.61,2052847.57
82867.43,6.34,7.51,3.87,36025.58,1614965.5
74093.08,5.9,8.83,5.59,38188.47,1768959.48
63732.36,4.44,7.67,6.54,32822.97,982058.77
66030.72,7.85,7.42,3.45,37662.49,1609662.45
60012.37,6.97,6.68,5.01,45731.87,1441536.1
57980.71,5.65,5.94,4.37,33430.59,712758.61
57451.61,5.69,6.41,4.39,15235.84,455184.79
61995.78,6.34,6.28,4.28,41260.18,1178900.46
57554.94,4.86,4.4,3.57,25460.53,307266.69
51917.03,6.3,5.97,1.0,43526.12,1149291.24
70921.39,4.66,8.61,5.87,36149.85,1227391.54
71083.32,5.91,7.36,3.13,45523.36,1499551.83
86710.05,4.82,6.61,3.68,26750.69,1296655.64
61459.85,4.87,7.39,3.71,30850.93,1023789.48
71738.84,7.61,5.02,3.02,32788.14,1208849.55
71915.89,6.04,7.27,4.28,21451.35,999610.35
65877.6,6.19,8.28,3.93,47193.85,1707559.17
76516.11,3.99,6.87,3.1,20030.68,857369.61
76845.39,5.39,5.2,4.16,47053.84,1377003.88
72072.55,6.44,6.57,3.94,40375.15,1516156.88
65858.39,6.17,8.28,5.12,34189.24,1474086.49
64772.44,3.85,7.25,2.33,39588.28,878031.41
54005.48,6.19,5.56,2.99,39316.5,793675.3
59993.53,6.34,9.38,4.87,32188.75,1176438.25
61953.64,7.25,5.72,3.19,39122.14,1122589.78
56603.71,5.33,6.74,2.87,43419.99,987534.32
73271.71,3.76,5.94,3.25,26787.02,662150.78
81336.66,4.99,5.94,3.86,39598.98,1190200.29
58904.87,4.89,6.53,3.86,10096.72,434284.7
71603.92,6.71,7.63,3.72,17011.72,1373159.47
57561.44,3.29,8.29,2.71,41765.93,825028.64
65333.14,5.54,6.6,4.93,32016.04,903473.09
61225.47,7.39,5.97,5.61,27692.63,1219068.33
74998.0,5.99,7.47,1.63,35636.72,1374447.9
61348.48,6.87,7.5,2.07,32233.18,1403663.87
79365.28,4.35,7.23,5.21,26351.07,1090166.9
65964.11,4.39,7.27,5.91,19895.44,753106.76
61659.52,7.4,6.88,1.36,16629.04,1190913.45
55225.27,6.08,7.09,4.98,43495.51,987810.38
71281.65,6.08,6.81,5.99,31969.69,1156355.4
78124.24,4.87,8.07,2.92,45785.78,1534090.35
71496.06,6.08,9.24,5.92,31868.95,1546837.63
92444.47,4.85,7.17,3.76,39686.08,1933976.51
83821.67,7.16,6.98,4.37,34918.36,1680426.92
65305.37,8.68,7.25,3.1,36604.13,1545679.71
65193.46,6.46,6.33,5.21,37086.39,1115820.82
73589.03,5.35,7.76,5.01,31739.36,1325002.36
59651.39,3.47,7.44,6.1,23959.01,587635.87
81013.3,4.31,6.57,5.75,43766.86,1258913.43
72436.94,7.52,7.9,3.97,51978.95,1956599.76
71316.34,4.96,7.01,7.8,52630.71,1616056.96
75904.55,5.61,6.01,5.64,30671.8,1169540.58
86944.92,6.63,7.35,4.64,28886.28,1735321.77
70405.04,7.45,7.23,2.75,30661.75,1678916.32
67378.22,5.78,7.96,2.1,34417.81,1226662.78
84662.93,5.58,7.83,2.2,35642.32,1561443.58
78895.15,6.05,6.88,2.83,26258.56,1287156.18
65162.0,5.36,6.51,5.67,21476.62,762247.91
68638.28,5.41,6.99,4.58,36658.68,1002830.92
70665.37,6.39,7.36,3.23,1123.69,903388.6
72439.2,6.16,7.48,3.81,35163.98,1446353.84
54124.36,8.09,7.29,3.66,26786.38,1178125.71
52143.2,6.41,6.9,4.96,43906.03,1119175.54
59125.2,7.12,8.0,2.9,46560.78,1555201.9
58300.82,4.92,6.31,4.41,46795.11,820642.06
61721.12,6.5,9.49,4.35,32724.51,1488430.17
75347.75,5.26,7.76,2.94,24896.7,1271739.53
66782.55,6.37,5.85,5.93,28078.17,876513.11
70676.17,6.66,7.18,3.62,39017.54,1636068.19
55534.37,6.03,7.77,2.76,19827.8,715495.96
63662.82,8.36,6.64,5.03,49993.98,1608711.99
74841.99,7.39,5.48,4.05,32881.5,1420329.84
74924.0,7.15,5.94,4.48,41127.22,1597279.76
60860.49,6.74,7.54,2.52,18482.35,1097892.68
70306.0,7.73,5.22,4.98,26972.63,1293705.74
92018.32,4.56,5.53,6.65,17249.13,1026846.08
68395.44,7.34,7.53,2.43,46298.31,1713287.09
61195.01,5.0,6.77,4.42,34572.97,865713.12
66731.04,5.42,6.29,3.01,41833.2,1151682.95
69565.42,6.54,6.49,7.29,36792.38,1343653.78
66971.85,7.2,5.5,5.5,40812.61,1276009.42
68248.82,4.84,7.48,4.33,32813.89,1048116.12
53198.74,5.47,6.18,2.47,34142.81,534598.5
58323.28,6.08,6.45,2.77,35252.56,1063040.26
66991.39,5.8,7.34,4.9,40188.89,1339158.99
66821.57,6.83,6.73,2.3,40451.78,1167162.15
62548.55,9.38,6.28,2.34,64066.51,2108307.57
66696.39,6.4,4.98,3.99,52852.9,1298453.15
69233.3,5.25,7.36,4.14,18508.82,845935.68
78062.37,4.7,7.07,4.45,34742.68,1147738.13
67525.6,5.66,6.47,3.44,32134.48,996960.12
72836.64,5.05,5.94,5.11,48868.3,1181425.51
62810.62,6.44,7.0,2.92,33029.2,1091037.37
74680.4,6.43,7.48,4.75,40771.07,1773383.05
72587.53,5.52,7.09,4.24,12967.66,975807.33
77810.88,7.95,8.64,4.72,21140.51,1967287.41
76187.06,5.25,7.7,5.43,56929.01,1740436.37
74857.74,5.86,6.88,3.42,36661.68,1434065.15
67534.07,6.61,7.74,3.17,26253.28,1199124.19
71193.56,6.86,7.04,1.9,38573.49,1489264.24
79917.88,7.24,7.04,1.5,25711.39,1551117.03
61633.19,6.4,8.3,3.76,33350.52,1366268.2
61885.43,7.02,6.08,3.85,21745.77,959210.9
70516.7,5.32,7.01,2.64,28334.94,1116928.37
73009.05,6.89,8.19,2.91,32030.86,1624543.65
59799.67,6.88,7.3,5.85,47285.94,1407253.76
67786.18,7.48,6.62,5.06,40768.66,1482818.14
67581.16,4.33,5.27,2.43,42500.35,790551.27
44972.54,5.08,4.7,3.44,35907.19,435976.69
66242.57,6.79,9.09,4.48,44329.78,1701955.32
66906.31,3.36,7.3,3.21,27493.32,738336.78
66874.6,6.47,6.4,2.99,28890.89,1110165.81
83673.81,7.03,7.34,3.56,40208.34,1973955.36
55625.02,5.41,6.03,5.32,33392.46,541145.72
59794.17,5.55,6.66,5.43,36025.58,999887.05
40742.22,4.92,6.04,3.08,34533.96,226231.66
63457.39,5.46,5.56,4.55,48603.5,1128221.4
64366.23,5.49,4.86,3.97,49120.61,1019933.24
63147.66,5.3,5.38,2.74,29948.3,597673.11
80388.63,5.25,8.02,3.61,18696.3,1294913.27
77755.46,5.71,5.99,2.42,29101.39,1210460.33
69412.8,5.7,7.53,5.41,27260.67,1150586.2
64633.01,7.84,7.96,5.89,44418.1,1724694.23
79520.13,5.59,7.01,3.47,45298.94,1594608.28
68372.42,6.32,6.69,3.18,25929.59,1242499.67
59861.88,5.41,7.12,5.28,28674.54,860871.94
50291.22,5.4,6.57,5.48,21483.81,609245.37
63879.47,4.29,8.21,2.61,37496.71,1051260.81
76625.99,4.42,8.89,3.8,35717.2,1539028.03
92846.35,4.79,8.45,3.91,43995.03,1867353.2
69239.64,6.16,4.82,3.03,41097.03,1052483.99
60425.84,7.05,6.55,4.45,42219.26,1196634.76
55953.64,4.21,6.99,3.12,20858.63,468400.21
74465.74,5.44,7.46,3.32,29946.71,1186584.65
49775.72,4.63,5.25,3.86,45580.81,711825.41
74448.58,5.72,5.23,2.15,30817.63,963087.16
77298.17,7.05,8.31,1.45,20009.41,1469862.31
73232.87,5.54,6.43,5.11,44182.3,1409009.03
66241.85,5.93,5.49,3.07,30433.64,1055550.73
74604.14,7.42,5.88,6.61,46709.67,1737375.48
70404.86,6.43,7.38,6.41,35980.23,1538445.02
60289.76,5.23,6.16,3.36,33411.6,813194.16
88304.69,6.14,7.23,6.86,49692.67,1953484.18
64834.8,5.16,6.0,5.13,23234.14,939656.38
76850.97,6.4,5.23,3.19,50397.65,1682181.67
42805.41,6.49,8.43,1.0,29817.39,940143.63
82187.63,4.63,7.39,4.83,37774.52,1524526.33
84237.08,6.15,6.65,4.02,37868.32,1703407.68
68900.97,5.86,6.46,4.51,31923.84,1007460.73
74538.38,6.52,8.47,3.7,28599.03,1545000.45
74535.65,6.8,7.59,2.57,32492.51,1693878.71
61732.21,6.45,8.15,3.45,26093.47,1256863.08
74414.23,5.68,6.4,4.85,55635.46,1563679.78
59964.62,6.9,7.04,3.54,31387.78,1317348.1
62094.87,5.12,7.4,3.54,47665.55,1246636.44
80593.96,4.67,6.43,2.11,46357.69,1469563.44
78970.9,2.82,6.89,4.09,39765.08,1052928.94
61054.45,5.91,6.4,2.61,34816.39,1052726.22
60764.54,5.17,7.39,5.11,38086.28,1108676.39
61702.23,6.37,5.66,3.08,41841.78,1235510.38
76391.47,4.03,7.57,3.62,37160.15,1343216.96
57925.16,5.34,7.3,6.64,20613.02,696914.14
72384.84,6.45,6.78,3.6,18116.26,1161001.02
76542.89,4.96,7.44,3.44,51139.71,1680377.2
67642.48,6.39,6.62,4.7,10013.46,860091.79
79348.26,5.43,6.31,1.78,38105.18,1219245.23
65339.66,5.95,7.54,5.52,33830.84,1137134.15
66303.73,6.57,7.58,5.2,37758.95,1330976.37
58167.51,6.92,6.48,4.63,24848.83,919738.75
79424.08,6.07,6.39,1.0,39643.47,1413516.78
60413.43,5.17,6.81,3.66,38207.71,1070500.09
72310.87,5.53,6.43,2.41,63566.04,1590355.7
67822.91,6.61,8.53,5.36,37453.05,1691837.08
57362.44,4.97,7.31,5.27,49544.23,993207.46
62091.18,5.8,7.0,4.46,21288.54,840745.22
83321.65,5.6,6.05,2.5,46287.45,1567580.36
70732.27,5.88,7.74,5.82,38408.76,1507944.49
57827.48,4.98,6.37,3.66,38840.16,951438.26
71837.19,4.15,6.33,6.2,38977.42,951012.89
67025.72,6.5,7.77,4.31,53098.41,1771505.95
105396.23,6.93,7.38,4.6,38694.91,2135262.97
71621.85,4.21,4.46,3.41,28380.59,700970.06
64526.3,6.35,6.83,5.71,30049.81,998200.87
83717.66,7.05,7.12,4.73,44272.99,1954196.52
48961.24,6.57,6.65,5.75,40604.0,1085559.94
69588.26,5.57,7.15,4.2,20973.05,1099766.44
89839.62,5.05,5.16,3.92,41270.82,1262080.01
67344.55,6.06,4.13,4.71,25420.75,699169.24
50109.48,6.23,6.0,5.75,40512.71,932759.28
64363.31,6.07,7.28,5.23,28167.88,1177702.55
84085.25,5.8,3.73,4.15,33369.29,1159888.6
72591.15,4.91,6.14,1.7,30755.78,766054.76
59642.47,6.4,5.05,4.98,51238.21,1258585.84
61279.68,6.45,6.74,2.21,40151.34,1351017.32
62617.71,6.18,8.97,4.02,48679.55,1619999.42
72432.65,6.09,6.77,3.84,64897.98,1800963.59
82845.49,7.64,6.88,2.24,36627.54,1886709.63
79799.72,5.36,7.84,4.44,51070.25,1884637.54
73443.18,7.25,7.01,6.63,29220.9,1508995.18
54390.33,5.25,6.77,3.6,48617.67,986084.38
54429.9,7.08,7.93,4.92,28148.47,1176287.18
74266.4,7.2,7.47,6.88,35980.23,1651605.34
54242.97,5.69,7.28,5.04,41491.51,1031006.95
66178.91,7.62,6.85,3.19,43053.24,1394710.46
71824.64,6.44,6.64,4.27,23532.92,1231902.68
56458.52,5.11,7.92,4.57,27557.81,965390.67
57666.41,5.61,6.65,5.74,42231.64,1129438.08
67579.86,7.1,8.23,5.47,32513.41,1625083.44
73950.9,6.89,5.93,1.0,22294.32,1180357.24
79896.67,4.93,8.44,2.93,35458.56,1517020.6
75052.98,5.84,7.47,3.89,34982.21,1543298.43
69368.03,6.18,6.01,2.73,37918.88,1308544.22
60630.06,5.48,7.5,1.0,41415.72,1298002.45
57169.27,8.31,6.33,3.09,40784.59,1325694.26
63138.07,6.21,7.02,3.98,28538.88,1008859.51
72952.09,5.92,6.5,3.33,32085.53,1194749.92
72170.74,7.16,6.86,2.75,45371.3,1564364.89
46202.24,5.62,7.94,4.03,30771.89,629220.02
60209.25,6.98,7.51,4.4,32241.71,1303398.65
81420.64,4.33,5.85,3.4,21233.13,945910.91
69427.27,5.53,5.91,5.67,35878.35,1105061.84
53480.52,7.02,7.26,4.05,39589.81,1234290.3
93691.34,7.53,7.34,2.91,16556.23,1657642.29
68274.54,5.21,6.31,2.6,25540.76,839451.61
72679.23,5.1,8.6,3.72,22052.35,1162857.95
72841.13,6.54,7.81,5.35,43987.4,1678786.64
64665.17,5.36,6.36,2.97,17182.91,568182.94
60828.52,5.71,6.26,4.71,35382.06,865521.02
91195.81,6.85,6.76,4.1,43287.78,1932999.14
79275.17,5.44,6.65,6.43,38027.13,1508604.69
77343.21,4.03,8.26,4.46,31796.41,1252698.63
74725.09,4.69,7.98,3.12,39601.7,1462063.69
57889.64,5.99,7.03,4.89,46454.96,1190151.6
82198.92,4.14,7.67,4.93,35094.95,1327622.87
59596.89,5.69,7.82,3.49,13941.55,838541.53
71602.27,4.6,7.05,2.55,47554.25,1265581.12
51110.38,7.6,7.4,4.64,40135.63,1207431.68
46831.53,8.12,7.59,4.06,35834.72,1070980.63
71975.35,4.93,7.48,2.11,16507.81,865657.46
59959.62,6.23,6.2,4.29,33202.29,1067381.1
47382.45,5.03,6.31,3.2,27473.89,564445.94
74344.82,5.67,6.7,2.12,24091.43,1040295.97
91178.82,7.77,6.28,3.55,34808.74,1764167.09
83392.93,5.52,5.5,5.56,30843.53,1344538.76
65840.51,5.7,7.67,5.47,31497.27,1185273.79
68677.27,5.05,7.34,5.14,43503.79,1139130.95
78044.17,7.11,5.64,4.31,38699.55,1220440.45
80542.64,2.75,6.75,4.71,31245.02,796022.28
64921.6,5.54,6.8,4.1,29985.87,954457.96
68947.27,5.93,7.17,2.62,31648.53,1103279.86
71786.95,5.33,5.9,2.87,33707.12,1124976.86
74486.21,6.83,5.62,3.23,41959.7,1372933.22
67164.67,7.17,7.51,5.7,25815.59,1344638.39
67303.13,4.58,5.44,5.3,50638.01,1282551.29
83289.25,8.05,6.76,2.65,41966.86,1991720.45
81474.07,4.57,6.66,4.05,8989.06,849129.13
73671.24,7.26,6.87,3.48,37010.09,1573435.28
86905.26,6.13,7.25,3.79,46492.31,1940486.72
64464.26,5.48,8.6,3.32,40020.91,1405804.52
85880.65,5.57,5.37,5.71,32070.52,1217768.65
74365.13,5.95,7.88,3.96,35556.66,1444159.4
103445.6,6.19,4.45,4.25,37932.83,1702331.68
55873.53,5.07,8.4,4.26,43801.16,1105270.64
61235.96,5.75,4.93,2.72,22118.18,786016.35
73046.55,5.22,9.45,4.11,30158.19,1509519.96
72816.72,4.78,6.6,5.29,52425.89,1355870.72
89367.58,5.17,8.29,5.79,36490.0,1874785.03
61459.46,4.84,8.08,2.57,51327.43,1307202.78
78227.62,5.56,6.55,2.11,65795.01,1634952.76
80972.53,6.41,6.63,4.06,31279.55,1652284.5
76093.14,6.1,6.14,5.34,24279.98,1152722.87
58340.7,7.93,7.79,4.42,33527.61,1200472.16
83586.89,3.79,6.56,4.82,47070.5,1187100.25
81685.15,6.44,6.16,2.31,48459.04,1820130.88
74973.37,5.99,7.53,3.28,58712.38,1654952.34
70760.94,6.79,6.08,1.28,35797.71,1458986.84
70992.86,6.69,6.66,3.8,41006.96,1476556.98
67743.83,5.82,7.1,1.32,29098.69,1193386.42
75412.49,6.15,6.34,5.62,11281.17,963581.14
68914.84,5.24,6.49,5.89,35769.45,1144556.41
59539.42,6.59,8.54,4.15,24711.99,1220036.69
57407.11,4.12,6.78,2.12,42548.32,785712.98
60567.8,6.75,6.63,4.44,17490.17,787932.0
70950.49,5.96,6.81,6.27,28825.12,1223255.59
68295.7,5.5,7.45,4.57,38819.72,1098546.36
70878.13,5.75,5.95,5.44,39858.69,1304829.23
73920.67,5.82,7.42,3.38,35692.17,1420267.24
61897.01,7.26,7.25,2.91,54696.4,1691514.17
84204.01,9.18,5.18,3.89,51739.93,1882966.37
65729.74,7.19,8.8,1.61,29371.05,1403727.73
63963.54,5.42,8.47,6.76,52136.39,1455739.75
73724.27,6.6,6.18,4.15,53652.85,1715448.43
49009.47,6.65,5.86,5.05,34933.27,707539.94
60157.48,5.06,7.22,3.41,36613.63,1224635.66
79039.27,4.73,5.55,2.08,35659.59,1073345.63
50065.56,5.92,8.37,5.73,29761.38,832849.95
80494.11,6.78,6.52,2.6,30747.25,1492706.39
84688.69,4.38,8.63,4.41,49257.28,1657091.31
64645.35,5.27,6.16,4.52,40503.96,913285.46
71693.14,6.55,6.88,4.07,30662.67,1431400.64
80510.23,6.02,8.27,3.01,26972.49,1596233.43
63607.96,7.38,6.66,3.8,28638.75,1287601.16
77831.75,4.58,7.26,2.81,34536.74,1370922.49
61429.9,8.31,8.09,4.98,45226.21,1819321.51
63492.71,4.46,6.43,4.68,27626.69,605261.3
60063.67,3.97,5.72,3.95,45112.4,806399.43
72234.93,5.92,5.52,3.28,38117.8,1072174.62
80924.63,4.86,7.58,6.57,37580.71,1400932.34
66620.72,5.94,7.38,2.38,46344.03,1413262.03
55034.03,5.91,8.06,2.08,44533.34,1202968.4
57043.51,5.79,6.71,3.88,22223.16,562753.34
72788.64,5.15,5.54,3.66,25404.16,783925.82
88237.59,6.41,4.61,5.33,33885.05,1437075.1
72779.32,5.67,9.89,4.77,39696.03,1654370.69
64459.46,7.07,7.52,4.02,49706.41,1741700.86
76748.99,5.8,7.13,4.6,36808.8,1571904.3
66030.42,5.02,7.27,4.57,53072.19,1236959.23
64551.24,4.31,5.54,6.57,29149.25,636427.75
58367.74,5.81,6.19,4.29,30827.53,1000097.98
83594.25,4.72,8.75,3.14,33129.1,1537517.65
41520.12,4.64,7.65,4.22,28052.02,384377.47
77086.58,6.5,6.22,1.0,47670.09,1695516.46
63640.41,4.22,5.75,3.94,8672.43,276228.38
64209.59,7.38,6.47,5.32,31165.08,1393853.17
86619.69,6.14,6.67,4.72,47558.96,1758110.84
60971.79,5.94,9.06,4.35,33063.24,1255741.49
61334.82,4.96,6.8,4.78,46811.4,1163491.1
67193.26,6.74,5.79,5.34,57975.02,1560299.08
72993.79,5.98,6.93,5.73,36960.82,1382151.38
63873.7,5.3,7.26,4.53,47764.67,1074377.51
51808.81,6.18,5.7,3.59,60172.94,1110309.35
59356.39,4.31,7.4,1.13,40153.75,985576.82
82239.46,4.36,8.21,5.18,35685.97,1362112.89
69379.97,4.87,7.13,4.61,45119.97,1327807.61
73390.69,6.33,6.18,4.17,47916.35,1535481.63
65796.77,5.98,6.46,3.13,35777.76,1114118.83
61554.07,7.02,5.31,5.17,31360.85,1148201.34
86462.54,5.07,6.85,3.66,53208.15,1710522.23
66577.25,6.55,7.3,3.94,33477.15,1288190.43
63857.56,5.87,6.08,3.91,48010.76,1195894.25
80265.69,5.05,8.95,4.53,38771.96,1653828.81
60884.08,6.36,7.79,2.57,54295.63,1611098.3
62244.4,5.91,5.18,4.67,27736.22,626145.66
68692.21,5.36,5.2,3.09,27717.02,905697.0
68585.88,6.02,6.0,3.14,44643.78,1286900.33
71349.94,5.85,8.58,5.07,24944.38,1387571.2
90876.01,5.83,7.89,2.76,37320.54,2085508.27
72166.73,5.57,8.63,5.07,51530.96,1662941.13
43237.7,4.69,7.0,4.1,18448.54,120709.58
72060.69,6.05,6.78,1.95,40154.23,1403736.35
68986.72,5.19,5.73,5.66,48189.57,1214511.72
69046.09,4.97,7.34,4.36,35905.87,1239252.53
71204.31,5.74,6.79,4.46,26961.6,1068281.36
68277.35,6.71,6.75,5.22,33556.62,1231820.34
68022.26,6.16,8.62,5.82,27840.69,1209932.55
75116.83,5.45,6.86,4.23,36849.4,1180636.8
62805.5,5.41,8.33,4.74,33416.7,1133243.83
58482.56,6.61,5.39,4.44,31068.89,870103.12
100810.46,3.61,9.7,3.56,40789.51,2178429.81
60953.39,6.77,6.61,2.03,51835.72,1251189.29
69650.32,4.12,7.7,4.24,39416.62,1157139.64
52642.25,4.58,7.86,5.68,49498.88,936224.6
69824.32,5.47,6.49,4.7,51832.84,1411831.94
58636.68,8.13,7.82,2.67,30340.59,1359972.04
63867.12,7.64,7.87,5.33,38890.97,1694320.06
79721.3,6.68,6.27,3.6,31945.39,1571827.04
73613.68,6.33,6.28,1.41,21452.52,1105953.36
74641.11,4.14,7.04,5.23,39693.93,1301846.19
49705.5,6.14,6.87,2.82,25720.42,787392.45
88160.63,5.44,8.4,6.17,40969.71,1988864.63
55879.93,5.17,7.7,5.39,20720.91,713030.33
84874.4,6.13,6.92,3.7,37860.11,1754658.86
79470.61,5.51,7.6,4.55,20573.47,1187562.76
74736.21,6.84,4.92,6.96,42851.11,1311053.93
59470.57,4.06,6.37,5.21,32258.7,843316.94
70198.64,6.05,7.28,4.27,31301.8,1168297.71
63563.92,5.11,8.12,7.53,47343.56,1289675.09
68892.5,5.57,7.19,4.12,32971.42,994472.34
65919.86,6.28,8.46,4.7,37263.21,1373473.97
46855.49,4.87,7.87,2.83,34191.73,593796.41
80538.98,6.14,6.5,1.92,41198.87,1495574.74
67718.56,5.77,6.85,3.63,46514.23,1383788.89
63416.0,5.33,7.4,4.03,44456.68,1279929.99
62611.03,5.51,6.54,4.38,31531.31,837511.69
72403.46,5.83,8.54,2.23,48162.79,1612458.94
59057.34,5.22,5.87,4.79,27068.21,773719.18
44547.34,5.99,7.31,2.96,28793.87,846962.93
72922.19,5.7,7.73,4.73,34894.58,1514595.2
74115.6,5.37,6.67,5.13,46552.49,1244904.33
66455.32,7.55,6.45,3.49,24549.25,1354848.48
56348.65,6.39,6.91,2.79,45010.98,1379561.66
69530.87,5.6,7.81,5.88,35619.64,1152851.36
52974.01,6.12,6.49,5.05,31858.19,939680.75
57634.78,4.96,5.91,4.17,47058.73,922452.36
60582.06,5.55,8.15,5.79,28196.49,1017213.46
77577.7,5.66,7.39,4.08,58848.34,1813973.16
64718.29,4.75,8.01,3.22,34409.83,1122099.44
63809.64,6.36,7.76,2.75,37650.18,1456773.91
89416.11,5.48,9.19,3.85,51476.33,2245121.33
72339.55,5.63,8.12,4.93,37909.1,1306322.17
72196.0,5.42,6.26,5.69,47962.52,1282542.28
64642.73,8.91,7.46,4.01,16777.9,1436106.01
62226.87,5.32,6.43,5.47,31770.22,1048911.41
45280.28,3.93,6.53,3.72,40100.58,161269.03
78907.84,4.4,5.56,3.02,46896.09,1155488.79
73361.08,6.73,6.7,2.37,43802.24,1417726.87
66673.45,7.3,7.54,3.36,42872.62,1474244.09
67120.44,5.31,6.92,2.42,46694.0,1372128.8
76428.83,7.25,5.88,6.45,40877.57,1533185.6
52012.9,6.71,5.45,4.52,14891.9,288803.36
62296.04,5.79,9.12,3.86,50476.87,1563383.09
56472.28,5.72,7.32,6.1,27849.17,1087572.92
87463.75,6.16,6.16,2.38,39275.73,1464062.3
77915.74,6.85,7.46,3.81,37959.47,1747859.02
45106.7,6.37,9.2,6.44,36632.73,1267237.17
52449.33,5.31,7.62,3.8,25185.55,715112.45
67172.46,5.81,4.18,6.99,16921.47,773481.45
63547.73,7.94,9.67,4.95,26214.39,1593112.93
54467.73,6.23,5.12,5.59,44363.42,1050362.87
89310.28,6.84,6.78,5.62,21805.28,1735918.57
71914.05,6.51,5.85,3.98,27426.21,1151229.8
73643.59,6.25,6.24,3.38,40312.11,1242508.99
61207.5,6.09,7.28,3.84,25965.81,906257.01
76281.0,6.87,4.9,2.77,30773.25,1004300.1
64528.35,6.69,6.9,3.9,36975.08,1357601.52
65563.13,6.24,8.15,3.97,38968.23,1477012.13
75095.06,5.29,6.14,6.06,25769.28,1046259.65
51221.14,6.36,5.59,4.71,37561.86,796486.18
85604.12,5.91,6.85,6.89,40121.63,1808767.11
70526.9,5.67,6.65,1.32,23526.48,1048781.36
82235.3,8.63,6.39,2.48,38295.32,1895973.02
57121.18,4.46,5.79,3.54,29050.91,530450.91
58743.91,6.93,7.51,5.82,37392.86,1503753.43
56199.47,5.13,7.59,3.85,43339.56,1105664.7
71250.67,6.11,5.91,2.17,34413.63,1144913.15
69286.25,8.52,6.05,3.68,45228.65,1718158.5
63633.3,5.03,7.13,2.51,44011.83,1183769.29
57775.05,5.26,6.02,2.27,45173.21,889420.66
55083.62,5.96,7.17,6.44,40163.87,1012601.67
68066.26,5.14,8.47,3.55,47088.11,1463739.01
63620.78,6.86,6.93,4.19,39985.07,1507675.26
61275.8,5.45,5.76,3.87,19615.44,701518.22
85071.88,6.63,7.39,3.67,28301.7,1615455.0
67705.57,4.66,6.81,2.95,34066.27,1063545.67
82119.12,4.19,6.84,3.6,35297.31,1233572.79
62899.6,5.75,7.47,4.39,39713.56,1256324.55
71191.83,4.43,7.69,5.72,28154.0,1062226.47
67991.74,7.48,7.03,5.15,56099.43,1600752.12
50489.74,4.47,6.93,2.48,35146.1,298852.03
83806.23,4.95,9.07,5.2,36086.7,1705294.41
67142.53,6.39,8.2,4.56,29505.82,1266766.28
76538.33,5.4,7.83,3.21,26204.49,1128992.4
60567.88,4.48,7.12,4.2,34909.44,764283.62
66826.09,8.0,5.97,4.68,36436.44,1535549.74
59344.09,4.99,8.13,4.04,35300.48,1068133.67
81756.27,5.79,7.14,4.57,52590.42,1865152.65
71902.0,5.77,6.41,2.92,34909.38,1257538.31
72495.06,6.68,6.74,6.43,35310.15,1338418.81
83058.53,6.44,6.01,1.61,44254.81,1729617.86
80907.29,5.16,8.06,4.69,34465.17,1563222.78
76740.02,5.66,7.68,4.43,41515.94,1545044.73
53430.23,5.76,7.17,4.77,23468.48,742319.55
61168.45,6.72,6.95,3.11,23546.89,1109881.83
57883.56,4.82,6.3,5.42,37374.43,711127.48
76337.05,7.98,4.84,3.85,33864.2,1573081.57
70401.81,5.23,5.56,2.52,28133.43,940216.92
53762.92,5.97,6.24,2.63,37372.38,871342.84
66571.36,4.83,6.09,4.13,38238.32,1111096.68
52658.75,4.69,7.28,2.02,29117.27,508739.16
68016.46,5.11,7.81,6.19,31013.95,1094754.05
50940.04,5.02,6.86,5.27,38312.92,682617.15
74219.24,5.57,8.41,6.23,26028.8,1382576.06
72611.33,5.01,6.2,6.1,30167.97,1131267.97
88917.92,6.67,6.85,3.55,41462.31,1782256.93
77619.63,5.2,6.94,2.91,35926.43,1652822.53
64075.58,5.1,8.09,1.0,31426.76,1014495.43
77301.99,5.59,7.1,3.48,27200.04,1302947.53
53686.7,6.96,7.12,6.15,26106.88,977892.24
58324.97,6.19,5.32,2.96,34855.33,860285.3
72133.63,5.88,6.08,3.72,56269.19,1442656.04
45580.38,4.56,8.1,3.3,41778.43,865883.67
68186.94,4.85,4.89,4.44,22934.32,532578.08
57709.03,4.71,8.35,5.56,43182.12,925545.18
69662.73,7.27,7.49,2.09,28631.05,1333206.88
57096.49,6.51,6.24,2.32,36114.79,1154389.06
73104.64,5.13,6.15,5.81,30318.56,1163242.37
68788.99,5.42,8.9,4.88,56238.84,1520762.56
83508.1,5.16,8.42,3.66,24906.98,1537954.9
68654.78,5.1,6.87,6.08,39275.6,965026.91
60390.8,6.44,7.13,2.3,29361.16,1072540.58
65951.69,5.7,6.34,5.13,43495.87,1078330.03
54256.13,8.04,7.13,3.9,39075.53,1447279.6
72911.61,7.22,6.31,4.73,48614.44,1727290.27
74869.62,7.28,6.91,1.04,43290.32,1804706.35
94899.69,6.64,8.82,3.66,29279.68,2030589.11
61955.47,5.56,6.89,4.89,65106.31,1467836.84
65728.85,6.57,5.93,3.9,41675.6,1107890.12
62446.57,5.63,5.61,5.52,30697.68,728466.64
70843.71,7.59,7.12,5.48,38202.99,1726240.61
72651.06,6.38,6.22,2.8,42424.02,1455953.11
68014.13,6.24,7.24,4.99,42046.49,1430810.93
80161.06,6.11,5.35,2.76,41086.08,1535656.51
62007.23,7.7,7.69,4.05,45755.34,1509840.75
79093.64,4.56,5.92,4.79,44779.6,1335228.37
74322.31,7.8,7.04,2.95,27750.91,1446878.44
68454.79,5.8,6.65,4.95,57085.44,1661224.05
65226.41,4.59,8.73,3.36,55704.21,1528852.72
94446.42,5.24,7.16,3.27,44112.58,1938225.92
59875.32,4.35,8.95,4.85,36547.06,989989.07
71758.37,6.63,7.56,2.95,36717.67,1735225.13
60587.17,4.95,8.43,2.89,32949.64,1251098.6
87614.15,6.15,6.78,5.26,34233.74,1695403.16
78034.8,7.1,7.34,4.11,14459.16,1485561.74
61353.15,5.31,8.22,2.19,51350.86,1349468.3
74046.24,5.71,7.9,5.03,47849.23,1506515.18
71329.52,4.69,7.53,3.48,19521.88,1005910.47
63076.81,5.6,6.66,2.25,44996.13,1083835.6
76663.51,8.53,6.83,1.0,36086.43,1962155.38
72732.22,6.75,8.14,5.09,34187.47,1700893.91
70881.92,5.72,8.35,2.92,41054.45,1535178.45
68136.22,5.37,6.39,2.45,18865.84,836878.0
73177.18,5.94,6.24,4.77,36051.35,1367066.97
71027.81,6.11,6.08,4.97,36951.85,1271858.01
69212.82,5.57,7.83,3.01,36961.46,1284668.73
61751.05,6.5,6.05,5.1,22590.67,737361.92
86635.16,5.04,7.82,6.51,40598.64,1771357.42
57387.62,5.03,7.54,5.64,46681.66,1139266.24
73140.75,6.35,6.44,5.45,40205.76,1699270.91
65169.87,4.82,8.57,4.37,33888.31,1154037.51
87336.25,6.7,5.51,3.43,62851.73,2043548.61
58953.68,5.97,8.67,3.91,26986.6,1155697.95
60746.56,4.17,7.31,4.52,43839.5,1024806.28
58246.68,6.09,4.9,2.43,38577.49,743862.48
72030.49,4.31,8.6,3.03,56135.21,1557824.31
53949.03,6.67,7.97,2.22,40001.49,1322122.63
63482.84,5.73,6.56,4.27,42129.47,1123000.37
45643.09,7.81,6.02,4.08,41182.24,1111689.82
71145.41,7.04,5.41,3.18,25659.15,1151357.86
63251.71,4.93,9.43,4.99,27539.36,1190087.44
52723.29,3.98,6.06,2.7,33427.0,555126.16
80153.43,5.23,5.71,3.13,45665.02,1357702.59
54645.89,4.77,7.26,4.94,38476.49,695123.57
77076.83,7.79,5.34,5.12,34111.16,1489919.05
61111.31,5.97,6.0,3.0,49782.08,1106407.3
85652.55,6.9,7.99,4.27,16487.38,1397877.93
76571.71,5.7,7.46,3.02,23301.99,1241791.35
57839.23,5.8,6.6,3.74,11384.25,602550.84
58808.73,5.95,7.01,4.16,48155.48,1339277.97
75036.69,7.08,6.54,4.67,35202.99,1404752.86
65786.57,6.29,6.93,4.37,45753.45,1406098.84
66778.15,4.93,6.22,4.32,35078.61,1060485.05
82142.52,7.59,6.4,2.65,46318.1,1844702.51
60603.47,5.69,6.37,4.46,34904.98,1009007.28
69556.01,5.53,6.26,4.66,40231.37,1348488.54
78757.42,3.18,8.04,4.83,38778.37,1011275.12
77206.57,6.61,7.77,3.09,39514.74,1726963.36
66881.85,6.08,6.05,5.11,52884.02,1505865.82
65503.84,6.08,5.78,2.36,20040.59,786328.45
50050.7,5.58,6.83,3.45,35484.3,911470.43
57325.54,5.41,9.17,3.64,38128.02,1290252.21
71976.07,5.61,5.95,2.43,36642.25,1334312.64
67113.45,6.44,6.83,3.62,32213.99,1288727.12
69381.57,6.61,7.08,4.25,30855.94,1504798.33
79659.36,5.75,6.88,1.73,51348.4,1710110.53
55928.51,6.92,6.53,3.49,35461.09,944537.23
66065.79,5.9,8.16,1.83,60359.62,1642361.04
70594.28,5.48,7.45,6.49,41406.13,1472846.48
61078.06,6.18,7.84,4.24,33288.17,1299565.78
83839.68,4.63,7.59,4.13,41648.34,1500298.11
78266.72,6.21,7.89,4.27,37244.16,1821375.82
71675.24,4.45,8.59,4.72,49482.34,1447903.23
87705.92,4.96,8.33,5.18,24573.36,1548997.35
52607.77,3.98,9.34,2.06,18286.23,649795.83
68500.65,5.81,8.22,5.59,39745.74,1312899.82
72487.42,7.57,6.31,5.51,44457.28,1649312.82
58835.67,5.86,7.85,3.9,39000.61,1424452.42
71788.02,6.62,7.71,3.83,42837.32,1537460.11
56789.04,8.31,8.93,1.0,41377.96,1766965.63
75942.96,6.38,6.01,2.45,21470.03,1029733.77
79857.4,5.22,7.55,4.62,38954.3,1405327.03
71485.53,5.36,6.3,5.46,49232.05,1205165.61
48835.88,5.98,7.51,4.88,37867.79,1028622.75
58278.91,5.35,6.77,3.89,23161.66,631914.53
74601.68,5.43,7.47,6.35,32849.47,1447838.63
68808.94,6.96,5.57,5.22,41688.81,1292654.88
39870.32,7.0,7.79,3.5,53984.63,1197165.28
81829.09,4.35,7.2,6.66,16746.27,1063167.85
70039.49,5.17,7.14,2.63,39748.23,1074328.86
59853.3,5.52,8.96,2.17,26910.84,1120151.16
79187.24,6.57,6.6,3.46,41202.19,1656082.26
61361.78,7.11,7.34,3.05,41997.23,1540518.64
61245.48,8.65,7.09,3.53,33849.01,1428707.14
72402.32,5.52,7.19,4.96,42431.62,1314608.2
87565.31,5.57,9.23,3.94,47476.46,2119869.66
85887.19,6.56,7.05,3.97,34529.63,1859511.17
72416.81,5.3,6.42,4.05,22891.68,908630.59
73511.11,5.84,8.88,1.14,50311.81,1665693.61
77018.8,5.57,6.68,2.12,44387.8,1432417.38
55186.07,3.38,5.37,3.51,41758.28,338717.44
75448.33,6.1,6.24,2.94,29305.16,1276935.02
60759.24,5.8,5.73,3.69,45943.45,956205.36
71977.34,7.24,5.17,5.71,56434.07,1734974.22
66158.65,5.99,6.62,3.89,34958.99,1174431.15
73924.88,4.74,6.92,2.35,37100.84,1280739.17
69841.75,5.72,8.18,3.0,25590.98,992820.57
35830.64,3.91,7.63,6.08,29021.55,22427.93
70489.63,4.78,7.58,5.86,25497.9,1155860.19
75427.07,6.61,6.09,4.71,37461.41,1357545.05
73335.7,5.74,7.88,2.06,32780.77,1235875.7
67489.64,6.89,8.4,4.36,39863.04,1602275.22
86085.16,4.03,7.39,4.45,27310.88,1264095.21
71901.61,5.74,7.42,4.01,34500.0,1310708.4
73247.72,5.51,5.71,3.28,26699.15,1036112.19
79715.19,6.93,8.05,3.53,38024.65,1852555.42
72447.52,6.65,8.79,3.19,19962.18,1459208.47
59011.93,6.62,7.32,2.57,37667.41,1360137.38
42595.2,7.51,6.39,5.66,33396.6,846684.16
63497.85,5.62,6.83,5.07,37959.07,1104262.98
76693.16,7.3,6.57,3.63,19764.25,1437134.01
64819.7,4.95,6.63,4.41,42661.05,1127918.54
77121.96,4.91,7.64,4.46,33197.98,1221447.04
70168.14,6.73,7.27,6.86,38317.84,1489140.83
82311.21,4.49,8.0,5.05,17602.51,1206600.59
65436.58,6.55,7.36,5.01,23828.87,1095116.28
73566.84,6.08,6.12,4.03,32290.72,1172131.51
73974.72,7.04,6.48,3.45,49814.84,1562941.13
84587.07,5.92,6.42,5.68,41396.17,1328263.12
50393.66,6.04,6.8,4.78,37452.01,846905.37
63697.28,6.48,8.8,2.96,26989.24,1337184.71
77626.48,5.32,8.96,4.54,25183.32,1320355.06
85059.16,5.28,7.83,5.01,38908.8,1792424.36
71141.68,6.45,7.11,1.4,43117.34,1408927.5
65463.36,5.95,5.61,2.85,38237.07,1147994.41
76652.37,5.58,7.21,4.43,53130.36,1703017.74
77841.63,5.9,6.19,1.61,29389.57,1464696.83
64749.73,7.56,8.64,1.81,37943.25,1720665.12
72103.42,5.54,5.37,3.65,19358.24,672626.6
81165.06,5.51,7.38,4.58,38257.63,1647701.92
88731.51,4.29,6.11,4.64,50746.53,1708992.2
76497.68,5.94,6.98,5.93,25826.02,1100301.54
69053.43,6.63,7.66,4.08,44521.16,1657710.74
68006.67,6.81,8.02,3.52,50465.32,1819243.88
74523.73,6.09,6.93,2.37,29317.6,1276126.79
67350.16,6.93,7.76,3.51,40797.38,1317206.58
70604.19,6.7,6.32,4.85,51840.85,1559093.76
57308.15,7.08,7.24,4.91,38450.47,1215183.95
82407.04,6.95,8.0,4.31,43971.15,2120657.36
56430.91,7.53,7.33,4.65,18556.55,1027420.4
63977.55,5.81,6.46,5.55,42089.58,1128645.65
69623.15,4.67,6.71,4.07,41296.58,1059791.26
89802.94,6.64,8.02,5.66,23000.35,1793508.2
64078.04,6.75,5.89,3.09,26592.04,1020972.84
61484.6,7.53,6.04,3.89,42157.72,1265492.36
62712.39,7.25,7.6,3.39,33158.58,1402858.51
86263.53,7.91,6.55,4.96,47198.99,2024008.14
38609.01,6.59,5.52,2.73,39246.96,329345.63
57895.82,6.21,8.35,3.58,36723.32,1315815.0
97693.08,4.61,5.88,1.69,34471.29,1559056.07
74880.62,6.29,6.79,4.71,39067.87,1494465.39
56795.41,5.43,6.36,5.51,44132.1,928904.67
68136.24,6.19,6.69,5.1,41461.47,1331848.05
69301.93,6.03,6.1,4.98,31964.64,1203579.07
77601.0,6.45,7.71,5.01,48464.41,1752534.78
88188.41,5.88,7.1,4.84,42690.62,1874367.42
72724.18,6.91,7.98,4.74,39986.45,1542234.11
62829.94,3.28,6.37,4.82,37073.09,659515.54
76971.75,6.17,9.14,3.17,41125.99,1817695.44
61141.02,7.17,5.07,3.73,17983.59,891530.83
57569.69,7.83,5.39,4.07,38557.99,1083903.64
49825.89,6.7,8.76,3.57,52441.82,1364665.31
51901.86,7.65,7.47,2.05,38346.37,1129908.0
59028.69,6.15,7.33,2.46,36991.51,1083860.71
56030.12,5.98,7.43,4.26,30248.85,987735.49
71921.47,6.5,7.57,5.09,41053.32,1393113.15
55799.78,5.98,7.29,3.99,34226.89,955550.07
35077.8,5.21,6.01,7.38,49157.8,568359.92
57456.99,5.47,7.82,2.85,27591.57,902214.05
63553.92,4.88,7.66,4.53,31673.87,1001030.53
62130.12,6.5,8.43,5.57,30199.29,1153435.82
84778.09,5.99,8.77,5.29,54371.2,2105132.98
62043.86,5.62,7.32,4.79,34279.58,1085550.71
77971.88,5.42,5.75,5.3,30723.33,1130492.77
68380.68,6.48,8.78,4.05,15413.85,1263786.94
68132.12,6.75,5.96,6.03,27117.63,1095936.47
59679.52,4.86,7.33,5.56,41402.26,972309.6
67956.49,4.71,6.73,2.93,41362.47,985923.2
60428.61,6.92,6.56,4.38,29699.81,1194449.66
70395.12,4.62,7.76,2.08,30251.12,960248.67
66065.05,6.52,7.24,5.85,54622.22,1633592.83
58515.16,7.58,7.51,4.26,62924.57,1965751.51
79154.61,7.58,6.17,5.64,47574.49,1945087.48
73132.27,6.71,6.81,3.85,51638.85,1749655.96
63807.55,6.68,6.21,1.7,53744.4,1471753.49
70133.66,8.21,6.79,7.22,58142.62,1971514.53
67689.62,3.67,6.87,4.14,33166.37,719527.37
59336.22,5.52,8.85,2.75,27446.19,1059767.58
69334.35,6.82,6.73,5.39,54360.39,1727226.44
61964.26,5.65,4.84,6.48,26592.38,708439.34
58511.9,7.21,8.4,3.73,25954.18,1347402.68
51287.55,5.94,7.44,3.86,26182.08,914730.02
64760.96,6.11,6.86,4.27,34858.89,1155798.95
74625.77,5.71,6.55,2.61,16468.07,1015517.84
61179.32,5.46,6.03,3.13,21939.39,498738.11
95448.71,5.44,8.95,6.17,29986.29,2132465.62
78022.64,6.25,7.04,3.82,24293.44,1298820.48
82484.55,5.21,5.23,2.95,46707.44,1449530.58
77058.7,6.92,7.32,3.42,36228.98,1603196.32
88330.83,6.63,8.21,5.3,41889.94,1993496.71
60195.13,7.07,7.15,1.55,40803.24,1325855.62
41290.66,4.86,6.08,4.29,34110.78,231567.7
63828.19,4.3,5.99,7.01,45970.21,676006.15
74532.49,5.98,6.06,6.48,40650.57,1472290.13
70197.87,8.85,8.53,4.69,33002.88,1968828.71
71518.99,7.23,6.92,5.6,19450.19,1185964.97
82661.26,5.43,5.29,5.59,41330.53,1401228.4
72654.97,6.4,7.38,3.83,23644.56,1363192.4
77097.81,6.7,7.13,5.12,39937.31,1577151.39
58569.14,4.63,6.54,6.18,36945.97,833465.52
56908.29,7.34,5.96,2.43,22661.34,1004862.82
85786.23,5.81,5.92,4.69,38727.59,1376175.1
69658.41,5.89,8.09,4.42,38061.85,1493270.57
61940.62,6.0,7.24,4.11,38097.85,1225376.94
61960.18,7.11,7.47,4.0,37621.94,1580343.44
61664.65,5.23,7.24,4.26,29688.05,984461.92
61026.91,4.29,7.32,4.37,42034.72,917572.86
54907.21,6.3,6.52,5.36,29338.02,838533.15
52591.52,3.96,6.78,4.57,25497.69,608366.51
66504.64,5.68,8.17,3.76,42858.74,1383373.9
62263.6,7.16,8.42,2.95,45457.07,1696103.4
80383.1,6.55,5.76,3.4,42179.52,1530960.07
71706.61,7.01,6.78,4.3,34106.59,1556066.88
71410.76,6.59,7.84,3.11,16913.8,1350903.88
60662.82,8.37,8.89,5.14,50868.77,1944799.63
67293.08,5.4,8.79,4.51,16758.66,1029695.58
72430.55,6.37,6.19,5.39,41979.66,1365840.56
76216.21,5.55,8.28,3.19,57107.1,1661414.09
67582.3,6.93,7.05,2.96,37646.45,1438767.36
80084.3,5.92,8.04,5.38,39053.49,1689104.22
68668.15,7.68,7.79,4.14,39927.76,1621706.95
77033.16,5.45,5.71,3.73,38129.81,1053203.38
63362.16,7.37,7.55,4.84,59492.84,1829033.27
49264.43,6.57,8.01,4.79,27794.59,980633.39
71443.17,5.95,6.97,2.44,26548.39,1210862.8
76313.5,6.52,6.74,5.68,32912.55,1347444.89
74715.05,6.24,5.4,3.48,53440.75,1549296.84
73082.67,6.33,7.68,6.07,30437.5,1406774.76
64867.76,5.78,7.2,2.34,40433.71,1327181.75
59984.7,5.29,6.06,4.37,46792.76,920323.46
74463.32,5.65,6.66,3.75,43894.41,1531503.83
73128.08,4.31,7.15,1.55,46267.38,1409655.13
62604.94,6.81,6.43,4.79,50236.51,1434546.67
80407.24,4.76,6.99,1.61,39222.2,1402623.11
59173.42,5.76,5.22,3.62,31626.79,822934.22
62363.81,6.62,8.35,5.34,37624.15,1328476.69
86024.02,6.81,7.01,3.33,32797.89,1679482.89
77840.35,4.22,5.88,2.87,61189.4,1439145.02
64767.34,5.89,4.51,4.96,30876.38,992421.53
71645.9,6.44,8.03,3.67,40958.17,1487477.44
70232.78,6.03,7.55,3.48,21266.91,1316451.97
39320.25,7.31,7.2,5.55,37481.22,887332.57
58921.8,5.17,7.86,2.54,33313.49,982590.88
68041.08,3.95,7.86,3.41,42869.18,1251733.37
64782.23,6.78,7.19,5.05,43127.9,1652144.58
71216.62,5.45,6.73,2.46,50226.71,1458024.06
80621.02,4.24,6.57,6.16,49438.38,1513282.35
65156.07,5.82,7.42,3.71,35504.92,1117415.21
57310.52,7.2,8.4,5.06,26789.97,1204511.52
72045.27,4.73,6.89,5.05,27953.97,866980.17
65101.85,8.29,8.48,3.79,39167.67,1747665.15
66919.68,5.15,7.37,3.39,37729.03,1220696.14
65473.28,6.07,7.37,3.93,38722.92,1321832.09
92476.51,4.77,9.42,4.86,30852.03,1973966.79
44701.57,6.02,8.66,2.77,50427.58,1383869.79
64444.14,5.85,8.69,2.5,21546.61,1124279.94
68543.68,4.51,6.18,5.81,30302.63,774218.49
60257.58,8.78,9.2,3.08,25472.71,1768839.17
78173.34,5.49,6.91,4.42,34088.94,1479286.27
77250.7,5.49,6.76,3.73,48535.17,1577265.3
68074.03,6.94,4.81,3.79,33307.04,1174649.46
65698.16,7.78,7.32,5.74,37170.16,1615028.59
67389.76,7.1,5.9,3.88,42755.61,1292475.06
67466.18,4.79,7.4,3.54,32834.99,925391.76
67747.7,6.19,5.82,3.65,39960.58,1193109.01
66579.31,4.12,8.81,3.36,38651.75,1156824.94
71273.6,6.87,7.55,3.16,24939.72,1394915.84
76610.73,4.36,9.29,3.37,31554.67,1370990.11
55470.89,5.18,5.96,6.03,39682.26,617567.58
57385.02,5.98,8.55,4.86,48888.76,1201675.68
49947.29,6.42,5.17,3.56,48879.51,983087.97
77817.06,5.72,7.2,5.19,56960.71,1702332.9
71250.95,7.48,6.35,2.03,40981.16,1538975.76
73968.14,6.7,6.54,5.67,32060.85,1331750.72
53347.41,6.62,6.47,5.57,35528.27,884161.53
87606.98,4.76,6.07,6.73,35033.88,1260089.73
62093.87,7.66,5.72,5.22,32114.79,1292397.67
70375.74,5.18,6.54,4.52,39963.83,1156506.58
77689.03,7.7,7.11,5.57,40425.67,1892085.51
58063.77,7.98,8.17,3.21,24513.46,1411123.73
62760.27,6.49,7.29,3.49,46963.09,1456703.34
70492.61,7.0,8.17,3.9,17932.72,1422924.11
99037.95,2.93,5.5,5.66,33954.87,1211836.28
71792.39,5.79,6.55,2.93,47569.95,1558788.26
85703.6,7.07,7.71,2.8,42191.36,2073326.95
81433.06,6.9,7.34,4.27,32620.03,1778848.54
72505.25,4.77,6.12,4.86,55703.57,1253213.57
58040.15,5.69,7.93,3.12,31795.27,1066171.03
79877.85,3.47,6.45,4.8,16293.64,549778.57
52616.14,6.39,6.2,5.66,40656.44,1108251.82
85645.13,4.12,7.48,5.46,18511.25,1061774.52
70714.66,7.1,7.0,4.41,27910.87,1324981.14
40336.92,7.15,6.46,3.87,42343.8,744898.49
64953.89,5.51,6.43,6.11,31588.99,976185.5
75552.78,6.5,5.91,4.0,41925.55,1431139.18
66056.8,5.77,6.59,5.14,24668.86,1139787.03
76203.53,6.22,8.1,6.39,44683.41,1827778.5
59523.44,4.84,7.24,5.01,19380.36,612753.23
54663.84,6.6,7.96,2.75,49250.42,1216825.44
67821.53,4.36,7.51,2.46,31445.09,744528.44
68919.43,4.17,6.37,3.61,51359.75,1029796.88
64869.92,5.86,5.32,4.85,27820.92,707087.77
81663.47,5.77,6.05,4.53,55266.3,1726986.88
59521.49,6.25,6.31,6.69,26658.21,882160.18
71920.72,5.34,6.23,4.52,18358.06,874163.97
69307.42,7.85,7.98,3.58,36590.8,1620882.88
51991.52,6.14,7.97,2.59,48410.34,1254494.85
54524.78,6.21,9.22,5.43,44011.58,1256656.34
68709.95,6.18,6.22,3.97,47705.49,1374905.86
89698.63,6.97,8.6,2.13,44207.41,2281986.58
74756.86,6.55,8.6,4.01,28021.84,1529777.73
50191.18,6.42,6.76,2.76,43769.69,1072308.68
35431.42,6.71,7.47,3.46,37084.38,547758.58
76395.89,4.17,8.24,3.99,29118.92,979518.34
67557.56,4.21,6.93,2.87,37943.09,1005241.6
80746.61,5.9,6.85,3.38,35603.97,1594729.83
59196.31,5.78,6.36,3.06,50216.73,1143958.45
72315.56,6.55,4.61,3.1,31052.84,1285887.0
77601.52,6.0,7.06,2.74,30588.95,1241328.57
63813.93,6.56,6.27,3.39,29229.01,997249.13
64041.78,4.75,5.9,2.88,54989.22,1132703.1
68852.25,5.97,7.42,4.7,29784.34,1275014.53
74366.84,4.65,5.52,4.23,49034.12,1133318.3
68430.23,6.36,7.8,5.45,25926.48,1168665.06
78963.85,4.12,7.48,6.3,41191.24,1389738.36
63659.69,6.32,6.59,4.81,38768.41,1224059.87
54424.96,4.53,6.93,4.53,48404.18,869942.84
89653.6,5.6,5.79,4.89,46965.16,1728102.28
62138.81,6.87,7.75,4.55,36975.76,1367023.18
62524.54,6.21,7.18,4.04,30832.52,1102566.61
67881.67,4.35,7.25,3.94,52290.74,1245053.07
69299.02,5.31,7.5,2.72,29841.3,1054392.21
64461.73,4.49,6.34,5.01,13655.84,424328.98
68397.19,4.3,5.46,3.94,17716.74,468278.18
68159.21,6.1,7.96,5.76,20133.52,1159631.48
70446.22,6.53,7.69,5.11,42075.28,1389108.67
43456.9,6.42,6.45,3.21,58141.59,1159645.04
88629.38,6.58,7.4,5.51,15916.39,1544841.55
67013.2,5.97,8.26,1.0,28396.14,1154969.88
74771.28,5.71,8.14,6.35,37046.58,1677658.5
53895.2,4.92,6.42,2.33,51502.16,941304.53
63563.08,5.54,5.49,4.59,28342.72,653976.66
61417.46,4.67,5.66,4.51,42026.69,984376.02
84247.32,5.14,6.68,5.36,33680.86,1530026.72
62339.4,6.07,8.47,3.58,62039.08,1629477.11
76662.62,5.86,6.25,1.34,37597.56,1315397.68
61650.82,9.01,6.39,3.58,39693.21,1549624.04
63758.99,4.65,6.37,3.71,36999.25,692516.88
65965.93,5.86,6.45,1.46,32047.24,1089171.99
82266.22,4.57,6.98,4.04,45590.46,1557262.35
48440.95,5.6,5.7,2.66,24659.65,501449.08
54560.66,5.64,8.09,4.78,16293.52,746697.8
47828.62,6.82,6.84,3.68,34672.32,1011573.68
56992.4,5.53,9.49,6.39,44257.47,1266467.08
59932.97,5.79,5.8,3.66,30398.79,999440.72
51375.86,5.55,8.6,4.51,38013.92,975994.66
60758.45,4.59,8.4,3.72,24047.59,792490.96
47110.17,5.33,6.57,1.98,46709.93,747193.54
57733.28,5.6,6.59,3.73,42633.2,956605.35
81377.08,6.05,6.06,4.91,36358.8,1427219.44
72884.44,6.53,6.07,4.72,37837.64,1342946.79
70581.03,5.75,6.99,3.62,22331.77,1074283.44
57895.39,5.73,7.01,2.19,22775.23,709641.94
52211.41,4.28,5.37,4.77,34952.24,439077.92
56441.87,6.51,9.31,4.5,41261.82,1346614.15
68122.47,5.29,6.73,5.02,41764.46,1273780.18
77836.03,6.72,7.06,3.64,32560.89,1612401.94
78200.43,7.28,6.36,1.91,43560.88,1717698.74
75304.07,5.79,6.72,4.64,50264.36,1499766.44
60722.12,4.97,6.63,3.97,35282.98,906119.45
68844.65,5.96,6.99,5.69,39236.41,1232445.95
65158.13,6.33,6.98,4.02,34100.05,1221030.41
66438.72,5.67,7.8,3.92,34909.41,1235131.96
90294.71,5.42,7.22,4.49,37845.93,1960738.99
49803.6,6.54,7.7,3.25,53067.9,1174595.51
66081.81,6.47,6.98,3.19,45247.12,1162828.34
81497.82,5.64,7.22,3.86,44352.96,1578030.33
52959.53,4.34,6.75,2.85,31659.6,390634.53
61721.94,6.43,8.0,3.7,27248.61,1108977.64
62944.51,5.22,7.32,6.37,40029.14,996573.86
66203.18,6.19,6.83,5.26,48507.17,1332205.81
51573.29,6.13,6.8,4.36,53267.79,1057789.94
74927.56,4.11,6.88,5.89,11820.58,814981.85
75684.29,6.06,7.02,2.97,60443.4,1798928.19
74001.26,6.49,6.93,7.04,40301.6,1638859.5
59306.56,6.61,6.43,3.41,45184.13,1242559.52
69505.03,6.1,7.76,6.44,18894.05,1237325.07
58996.77,4.02,7.83,6.44,33811.71,782771.7
65038.18,7.24,8.79,1.82,44329.77,1896801.15
91534.66,6.39,6.38,5.78,24503.63,1627862.88
69602.92,4.79,7.66,3.63,7496.51,661752.28
55926.34,5.2,5.06,3.28,39492.89,743181.64
70505.01,6.21,7.83,4.63,35668.91,1445494.54
54175.56,6.65,5.52,2.74,50468.27,1082881.84
55803.95,5.5,6.0,4.6,34575.81,779418.01
57486.71,6.8,7.33,2.82,35302.32,1263210.6
63847.55,4.21,6.36,4.2,43087.45,692240.08
78569.22,4.95,6.22,5.62,46420.69,1344596.86
74747.57,3.94,6.5,4.46,29128.67,967824.97
74157.08,5.09,7.73,3.54,45537.15,1497910.18
56870.66,7.47,6.05,4.65,30984.79,956065.46
62813.67,8.02,6.94,2.25,36326.98,1232444.63
71481.99,6.21,6.61,2.95,42820.39,1590125.91
61886.37,5.35,7.82,3.45,44550.98,1228522.02
65616.17,5.76,7.85,4.95,39322.28,1474216.23
73287.0,6.45,5.14,4.48,25438.49,1137237.69
64865.78,4.43,8.05,4.64,17600.72,702892.35
70992.34,5.41,6.37,3.95,34297.54,872672.05
85558.3,7.4,7.23,3.01,45803.0,1992605.9
66751.33,4.94,6.04,5.81,40626.25,1011500.43
81152.38,5.24,7.36,3.12,38565.18,1541456.73
74544.77,5.99,9.57,4.5,36093.26,1601500.07
52945.13,6.26,7.12,3.84,39230.84,1057175.36
56836.42,5.36,6.53,4.67,26296.65,726499.41
59698.54,6.06,6.76,3.24,43906.5,1274969.82
59472.17,6.58,5.51,5.27,44562.59,1089700.51
67620.69,7.92,8.45,5.68,32636.99,1738893.84
75133.88,5.86,7.31,5.2,40500.3,1524381.34
81960.48,5.94,5.93,4.17,19126.25,1248412.37
71867.53,7.49,5.96,3.44,37949.98,1404878.9
63832.95,5.44,7.01,7.45,34841.73,759765.61
46390.47,4.67,7.93,2.76,48660.89,853573.61
69335.34,6.23,5.83,5.06,34191.47,1132288.85
68857.66,7.05,8.11,4.39,44784.5,1601807.49
70532.65,6.34,6.9,3.9,32280.61,1146897.54
91031.31,5.88,6.05,4.21,13473.45,1218142.82
81805.28,4.55,6.52,3.35,33924.55,1212070.07
76950.18,5.92,8.76,4.51,38115.82,1694075.22
58329.18,7.2,5.59,4.37,37660.06,871563.43
63115.5,4.76,6.25,7.27,37810.06,717470.87
67572.15,5.74,7.95,5.3,31136.44,1363413.59
60318.71,5.6,7.21,4.61,32950.0,987527.68
73916.95,5.29,6.19,4.69,24984.04,1003172.28
72386.93,6.23,7.96,6.24,16346.69,1079704.28
56983.82,6.42,8.01,2.79,35106.39,1195504.92
81338.67,6.41,7.32,3.76,28766.86,1502466.45
69673.42,5.01,6.37,1.63,46880.37,1152238.19
50154.56,4.35,6.53,4.67,14506.81,74097.18
68035.79,6.24,7.28,5.02,39051.36,1293238.73
71580.1,5.48,5.66,2.76,57218.76,1602490.65
78951.02,7.8,8.33,5.75,34348.25,1894534.2
64986.18,7.85,8.71,3.1,36135.73,1782135.98
77407.17,7.95,6.75,3.56,40394.49,1795141.51
70577.56,5.05,7.35,4.13,41170.36,1247055.78
54567.15,6.54,8.19,5.94,32108.56,1084553.05
53500.15,6.84,8.97,2.92,26155.66,1305565.61
80547.24,6.73,8.56,4.34,42641.25,1976543.19
81329.8,5.63,5.24,4.93,17225.49,905896.88
72024.57,7.25,6.67,4.68,44422.87,1598345.48
84524.24,5.98,7.5,4.72,32274.4,1722516.32
79844.35,6.11,6.49,4.92,36193.62,1188636.13
75869.11,4.46,8.79,3.3,30946.34,1344354.7
58870.24,6.62,8.64,6.06,50364.51,1639106.48
87036.57,5.72,6.17,3.84,38634.43,1483843.77
74298.9,6.44,6.83,3.68,32969.75,1412176.73
64470.73,6.21,6.23,5.64,32690.21,1126649.89
61460.58,6.16,6.79,3.2,34692.54,972458.54
71319.8,5.93,6.76,4.37,59952.63,1738084.27
50772.85,6.76,7.95,3.09,23090.9,958855.26
76040.12,5.78,6.09,7.08,46910.61,1442034.21
58419.84,4.54,4.35,6.82,41801.44,593748.78
72532.94,6.54,5.37,3.84,51445.63,1549925.92
63023.57,5.18,5.95,4.62,42406.49,1218188.13
65764.83,4.67,6.33,3.99,36196.38,972787.85
60515.85,4.97,7.18,3.55,46286.77,1185178.35
66864.62,6.26,5.9,4.13,38443.46,1198049.97
88720.01,5.88,5.77,3.93,43655.94,1839638.09
83344.97,3.87,6.05,2.11,50338.08,1188441.22
72361.04,5.6,5.86,4.3,37081.26,990154.8
68313.41,7.14,6.43,3.93,31950.98,1334528.16
77580.5,5.53,6.39,4.36,29773.17,1284086.93
80626.22,5.82,7.69,3.88,40634.61,1394898.83
59738.8,7.01,5.99,3.54,27447.18,990989.89
67757.66,6.77,6.63,5.06,32691.19,1266879.59
49164.57,6.99,6.44,4.64,26559.88,878987.43
80553.02,3.24,7.81,5.7,41208.27,1298391.02
90592.03,7.7,6.83,4.59,28697.85,1710529.61
69436.52,6.61,8.05,3.74,23392.18,1216075.73
45934.64,8.42,5.83,4.74,25138.55,792018.68
75072.56,5.21,6.94,1.54,30494.95,1255735.87
58947.22,4.23,6.41,6.57,31396.01,674692.91
61513.02,5.99,5.75,4.32,38658.67,942461.55
75261.05,5.71,6.92,6.67,34558.89,1355001.47
71296.04,6.63,8.74,2.91,39838.33,1593043.85
63380.74,7.04,6.13,2.61,40635.33,1494749.9
61659.5,5.89,6.86,4.43,43512.46,1259201.27
69924.16,5.74,5.66,4.43,17227.84,887640.59
64218.92,6.5,5.52,4.4,24975.31,1047565.33
56760.75,5.73,6.19,4.21,41670.25,1060766.93
65038.54,5.64,6.54,3.21,38261.27,1113924.68
72202.38,7.01,6.58,2.15,45859.06,1588208.16
66684.77,7.23,6.76,4.33,20838.63,1300305.59
53517.83,7.05,5.33,2.4,31447.09,843673.8
79124.45,5.81,6.36,2.29,33221.43,1266012.47
39392.75,3.86,7.5,3.51,37816.15,575102.83
63825.64,5.83,5.62,4.51,36519.08,887097.11
61972.92,5.23,6.63,6.42,40818.6,862125.72
70162.29,5.85,7.29,5.18,35025.06,1401631.06
74569.19,5.32,6.2,5.74,49783.44,1329329.13
80592.06,5.96,7.33,4.78,52948.25,1865227.7
60990.19,4.95,5.45,4.43,25067.87,762449.94
74834.79,4.71,7.89,7.06,36610.73,1180639.29
70670.03,7.19,7.36,2.35,44083.09,1668349.55
50341.41,5.02,7.05,3.47,41972.38,960266.29
88838.96,5.98,8.13,3.57,32115.15,1847449.79
53248.53,6.92,6.66,5.08,38692.53,1075578.25
73054.0,6.89,6.37,2.78,20447.18,1433150.52
72739.19,6.77,8.38,4.92,35973.02,1645124.77
71520.74,6.28,8.85,4.69,21669.49,1427984.47
63311.8,6.7,6.29,4.98,41204.69,1430505.27
77399.86,7.34,6.88,4.96,25087.12,1598321.96
51952.6,6.4,8.05,5.87,37781.1,1269382.86
67881.4,4.16,6.91,3.92,39331.02,902709.01
62573.22,5.46,7.59,4.63,36915.95,1261796.99
61364.36,6.67,7.78,3.07,29890.87,1241043.2
73152.59,5.36,6.42,2.79,34075.1,1085525.11
80066.77,7.58,7.41,6.15,47885.14,2035064.28
64924.58,5.92,6.98,2.98,31948.76,1130456.07
76903.5,6.06,5.76,4.77,36375.69,1502465.1
69113.14,7.09,5.99,4.63,30636.87,1295493.86
59068.26,5.8,6.33,5.43,46290.74,1032491.09
